{"stats":{"minecraft:dropped":{"minecraft:iron_ore":14},"minecraft:used":{"minecraft:bundle":1},"minecraft:custom":{"minecraft:jump":32,"minecraft:open_chest":15,"minecraft:time_since_rest":6498,"minecraft:damage_dealt":6,"minecraft:crouch_one_cm":18,"minecraft:interact_with_furnace":1,"minecraft:leave_game":1,"minecraft:play_time":6498,"minecraft:sprint_one_cm":4233,"minecraft:time_since_death":6498,"minecraft:walk_one_cm":15723,"minecraft:sneak_time":94,"minecraft:total_world_time":6498,"minecraft:interact_with_crafting_table":4,"minecraft:drop":1,"minecraft:fall_one_cm":476,"minecraft:fly_one_cm":3336},"minecraft:picked_up":{"minecraft:stick":1,"minecraft:iron_ore":14},"minecraft:crafted":{"sophisticatedbackpacks:diamond_backpack":1}},"DataVersion":3465}