{"stats":{"minecraft:dropped":{"minecraft:pink_carpet":2,"minecraft:magenta_carpet":1,"minecraft:magenta_concrete":1},"minecraft:picked_up":{"minecraft:pink_petals":20,"minecraft:repeater":2,"minecraft:wheat_seeds":1,"minecraft:magenta_carpet":1,"minecraft:torch":3,"minecraft:pink_carpet":2},"minecraft:custom":{"minecraft:time_since_rest":52583,"minecraft:play_time":52583,"minecraft:sprint_one_cm":31224,"minecraft:walk_one_cm":141931,"minecraft:sneak_time":85,"minecraft:walk_under_water_one_cm":7959,"minecraft:pot_flower":1,"minecraft:drop":4,"minecraft:jump":412,"minecraft:time_since_death":52583,"minecraft:walk_on_water_one_cm":4736,"minecraft:total_world_time":52583,"minecraft:swim_one_cm":312,"minecraft:fly_one_cm":112113},"minecraft:used":{"minecraft:flower_pot":1,"minecraft:glow_item_frame":1,"minecraft:pink_bed":3,"minecraft:torch":13,"minecraft:pink_concrete":285,"minecraft:repeater":2,"minecraft:cherry_stairs":4,"minecraft:magenta_bed":2,"minecraft:grass_block":20,"minecraft:pink_shulker_box":3,"minecraft:pink_banner":1,"minecraft:painting":14,"minecraft:magenta_concrete":142,"minecraft:stripped_cherry_wood":8,"minecraft:stone":27,"minecraft:white_concrete":10,"minecraft:pink_carpet":22}},"DataVersion":3465}