{"stats":{"minecraft:dropped":{"minecraft:pink_carpet":2,"minecraft:magenta_carpet":1,"minecraft:magenta_concrete":1},"minecraft:picked_up":{"minecraft:pink_petals":20,"minecraft:repeater":2,"minecraft:wheat_seeds":1,"minecraft:magenta_carpet":1,"minecraft:torch":3,"minecraft:spore_blossom":1,"minecraft:pink_carpet":2},"minecraft:custom":{"minecraft:time_since_rest":64583,"minecraft:play_time":64583,"minecraft:sprint_one_cm":36632,"minecraft:walk_one_cm":159700,"minecraft:sneak_time":85,"minecraft:walk_under_water_one_cm":11659,"minecraft:pot_flower":1,"minecraft:drop":4,"minecraft:jump":500,"minecraft:time_since_death":64583,"minecraft:walk_on_water_one_cm":6396,"minecraft:total_world_time":64583,"minecraft:swim_one_cm":312,"minecraft:fly_one_cm":190342},"minecraft:used":{"minecraft:cherry_sapling":1,"minecraft:flower_pot":1,"minecraft:glow_item_frame":1,"minecraft:pink_bed":3,"minecraft:torch":13,"minecraft:pink_concrete":291,"minecraft:repeater":2,"minecraft:cherry_stairs":4,"minecraft:jungle_button":1,"minecraft:magenta_bed":2,"minecraft:grass_block":21,"minecraft:brown_wool":1,"minecraft:pink_shulker_box":3,"minecraft:pink_banner":1,"minecraft:painting":14,"minecraft:magenta_concrete":142,"minecraft:stripped_cherry_wood":8,"minecraft:stone":27,"minecraft:white_concrete":10,"minecraft:pink_carpet":22,"minecraft:cherry_leaves":11,"minecraft:cherry_button":2,"minecraft:pink_wool":5}},"DataVersion":3465}