{"stats":{"minecraft:killed":{"minecraft:pig":1,"iceandfire:ghost":1,"minecraft:chicken":1},"minecraft:picked_up":{"minecraft:crafting_table":2,"minecraft:chicken":1,"minecraft:brown_mushroom":1,"minecraft:acacia_wood":4,"minecraft:potato":15,"minecraft:porkchop":1,"minecraft:cyan_bed":4,"minecraft:stripped_spruce_log":2,"minecraft:spruce_sapling":1,"minecraft:carrot":17,"minecraft:spruce_log":18,"minecraft:dirt":4,"alexsmobs:animal_dictionary":1,"minecraft:wheat_seeds":1,"luminousworld:blueberry":3,"tombstone:essence_of_undeath":1,"minecraft:iron_nugget":9},"minecraft:dropped":{"minecraft:iron_nugget":5,"alexsmobs:animal_dictionary":2},"minecraft:used":{"minecraft:wooden_axe":16,"luminousworld:blueberry":1,"minecraft:cyan_bed":3,"minecraft:wooden_sword":17,"minecraft:dirt":3,"minecraft:crafting_table":2,"tombstone:gift":2,"minecraft:carrot":8,"alexsmobs:animal_dictionary":4,"minecraft:acacia_wood":4,"minecraft:stripped_spruce_log":1},"minecraft:crafted":{"minecraft:wooden_sword":1,"minecraft:wooden_shovel":1,"minecraft:crafting_table":1,"minecraft:spruce_planks":44,"minecraft:stick":20,"minecraft:wooden_axe":1},"minecraft:killed_by":{"iceandfire:ghost":1,"illagerinvasion:provoker":1},"minecraft:custom":{"minecraft:time_since_rest":1836,"minecraft:sprint_one_cm":160787,"minecraft:damage_taken":560,"minecraft:walk_one_cm":114811,"minecraft:trigger_trapped_chest":1,"minecraft:mob_kills":3,"minecraft:drop":7,"minecraft:damage_dealt":336,"minecraft:swim_one_cm":12814,"minecraft:interact_with_crafting_table":5,"minecraft:fly_one_cm":25827,"minecraft:open_barrel":1,"minecraft:open_chest":4,"minecraft:crouch_one_cm":180,"minecraft:play_time":36312,"tombstone:undead_killed":1,"minecraft:deaths":2,"minecraft:sneak_time":19,"minecraft:walk_under_water_one_cm":10401,"minecraft:jump":420,"minecraft:leave_game":1,"minecraft:time_since_death":3501,"minecraft:walk_on_water_one_cm":11097,"minecraft:sleep_in_bed":3,"minecraft:climb_one_cm":498,"minecraft:total_world_time":36312,"minecraft:fall_one_cm":7060},"minecraft:mined":{"minecraft:large_fern":2,"minecraft:brown_mushroom":1,"minecraft:carrots":5,"luminousworld:blueberrystage_0":2,"luminousworld:blueberrybush":1,"minecraft:acacia_wood":5,"minecraft:spruce_log":18,"minecraft:stripped_spruce_log":2,"luminousworld:mossbuds_3":1,"minecraft:crafting_table":2,"luminousworld:mossbuds_2":1,"minecraft:grass_block":4,"minecraft:potatoes":4,"minecraft:tall_grass":1,"minecraft:spruce_leaves":10,"minecraft:cyan_bed":4,"minecraft:fern":1}},"DataVersion":3465}