{"stats":{"minecraft:dropped":{"minecraft:pink_carpet":2,"minecraft:magenta_carpet":1,"minecraft:magenta_concrete":1},"minecraft:picked_up":{"minecraft:pink_petals":20,"minecraft:wheat_seeds":1,"minecraft:magenta_carpet":1,"minecraft:torch":2,"minecraft:pink_carpet":2},"minecraft:custom":{"minecraft:time_since_rest":28583,"minecraft:play_time":28583,"minecraft:sprint_one_cm":20361,"minecraft:walk_one_cm":80661,"minecraft:sneak_time":85,"minecraft:walk_under_water_one_cm":3749,"minecraft:drop":4,"minecraft:jump":222,"minecraft:time_since_death":28583,"minecraft:walk_on_water_one_cm":2258,"minecraft:total_world_time":28583,"minecraft:fly_one_cm":71853},"minecraft:used":{"minecraft:torch":10,"minecraft:pink_concrete":220,"minecraft:grass_block":15,"minecraft:magenta_concrete":45,"minecraft:stone":27,"minecraft:white_concrete":10,"minecraft:pink_carpet":1}},"DataVersion":3465}