{"stats":{"minecraft:used":{"minecraft:stone_pickaxe":14,"luminousworld:blackberry":2,"minecraft:spruce_planks":39,"minecraft:dirt":26,"minecraft:crafting_table":6,"minecraft:carrot":31,"minecraft:stripped_spruce_log":1,"minecraft:wooden_axe":28,"luminousworld:blueberry":2,"minecraft:bread":1,"minecraft:cyan_bed":9,"minecraft:stone_bricks":4,"minecraft:wooden_sword":39,"minecraft:furnace":1,"tombstone:gift":2,"minecraft:acacia_wood":4,"alexsmobs:animal_dictionary":4},"minecraft:picked_up":{"luminousworld:groundpebbles_1":1,"minecraft:crafting_table":7,"minecraft:wheat":1,"minecraft:feather":1,"luminousworld:blackberry":3,"minecraft:chicken":2,"minecraft:leather":2,"minecraft:brown_mushroom":3,"minecraft:oak_stairs":2,"minecraft:acacia_wood":4,"minecraft:potato":15,"minecraft:filled_map":1,"minecraft:stone_brick_wall":2,"minecraft:oak_log":5,"minecraft:chainmail_chestplate":1,"minecraft:dirt":35,"minecraft:lantern":1,"minecraft:smooth_stone_slab":1,"minecraft:item_frame":1,"minecraft:oak_sign":2,"minecraft:stone_bricks":21,"minecraft:wheat_seeds":4,"minecraft:spruce_planks":5,"minecraft:stone_pickaxe":1,"minecraft:iron_nugget":9,"minecraft:poppy":1,"minecraft:furnace":2,"minecraft:scaffolding":1,"minecraft:oak_slab":2,"minecraft:stick":2,"minecraft:raw_iron":1,"minecraft:oak_door":1,"minecraft:sweet_berries":48,"minecraft:oak_fence":1,"iceandfire:ash":1,"minecraft:dandelion":2,"minecraft:porkchop":4,"minecraft:stripped_spruce_log":2,"minecraft:stone_button":9,"minecraft:spruce_sapling":5,"minecraft:carrot":17,"minecraft:spruce_log":27,"minecraft:cyan_bed":11,"alexsmobs:animal_dictionary":1,"minecraft:brown_carpet":1,"minecraft:rotten_flesh":2,"born_in_chaos_v1:fire_dust":2,"luminousworld:blueberry":5,"tombstone:essence_of_undeath":1,"minecraft:emerald":2,"minecraft:coal":13,"minecraft:cobblestone":9},"minecraft:mined":{"minecraft:spruce_planks":1,"minecraft:brown_mushroom":1,"luminousworld:blueberrystage_0":3,"luminousworld:blueberrybush":1,"luminousworld:blueberry_stage_1":1,"luminousworld:mossbuds_1":2,"minecraft:crafting_table":5,"luminousworld:mossbuds_2":2,"minecraft:grass_block":16,"minecraft:poppy":1,"minecraft:tall_grass":2,"luminousworld:blackberrybush":1,"minecraft:spruce_leaves":24,"minecraft:cyan_bed":10,"minecraft:large_fern":3,"luminousworld:black_berry_stage_1":1,"minecraft:carrots":5,"minecraft:furnace":1,"minecraft:fire":1,"minecraft:sweet_berry_bush":16,"minecraft:acacia_wood":5,"minecraft:spruce_log":28,"minecraft:stripped_spruce_log":2,"luminousworld:mossbuds_3":1,"minecraft:grass":5,"minecraft:potatoes":4,"minecraft:oak_log":1,"minecraft:coal_ore":4,"minecraft:dirt":25,"luminousworld:grassvariant_3":2,"minecraft:stone":8,"minecraft:fern":2},"minecraft:killed":{"minecraft:pig":1,"iceandfire:ghost":1,"minecraft:chicken":2,"minecraft:cow":2},"minecraft:custom":{"minecraft:interact_with_furnace":6,"minecraft:mob_kills":6,"minecraft:interact_with_crafting_table":10,"minecraft:open_barrel":1,"minecraft:leave_game":4,"minecraft:time_since_death":1461,"minecraft:sleep_in_bed":11,"minecraft:climb_one_cm":498,"minecraft:time_since_rest":1237,"minecraft:sprint_one_cm":516652,"minecraft:damage_taken":2219,"minecraft:walk_one_cm":442468,"minecraft:trigger_trapped_chest":1,"minecraft:drop":14,"minecraft:damage_dealt":857,"minecraft:swim_one_cm":37020,"minecraft:fly_one_cm":157777,"minecraft:open_chest":12,"minecraft:play_time":125055,"minecraft:crouch_one_cm":180,"tombstone:undead_killed":1,"minecraft:deaths":7,"minecraft:sneak_time":19,"minecraft:walk_under_water_one_cm":14964,"minecraft:jump":1965,"minecraft:walk_on_water_one_cm":20142,"minecraft:total_world_time":125055,"minecraft:fall_one_cm":35638},"minecraft:dropped":{"minecraft:iron_nugget":5,"born_in_chaos_v1:fire_dust":1,"alexsmobs:animal_dictionary":2,"minecraft:leather":2,"minecraft:filled_map":1,"minecraft:stone_bricks":5,"minecraft:wither_rose":2},"minecraft:killed_by":{"enemyexpansion:botfly":1,"iceandfire:ghost":1,"born_in_chaos_v1:fallen_chaos_knight":1,"illagerinvasion:provoker":1,"iceandfire:fire_dragon":2},"minecraft:crafted":{"minecraft:wooden_sword":1,"minecraft:wooden_shovel":1,"minecraft:cooked_porkchop":3,"minecraft:crafting_table":1,"minecraft:spruce_planks":104,"minecraft:stick":20,"minecraft:wooden_axe":1}},"DataVersion":3465}