{"stats":{"minecraft:killed":{"minecraft:pig":1,"iceandfire:ghost":1,"minecraft:chicken":2},"minecraft:picked_up":{"minecraft:crafting_table":4,"minecraft:feather":1,"luminousworld:blackberry":3,"minecraft:chicken":2,"minecraft:brown_mushroom":1,"minecraft:acacia_wood":4,"minecraft:potato":15,"minecraft:filled_map":1,"minecraft:oak_log":1,"minecraft:dirt":23,"minecraft:wheat_seeds":1,"minecraft:spruce_planks":5,"minecraft:stone_pickaxe":1,"minecraft:poppy":1,"minecraft:iron_nugget":9,"minecraft:stick":2,"minecraft:sweet_berries":48,"minecraft:porkchop":1,"minecraft:stripped_spruce_log":2,"minecraft:spruce_sapling":5,"minecraft:spruce_log":27,"minecraft:carrot":17,"minecraft:cyan_bed":6,"alexsmobs:animal_dictionary":1,"born_in_chaos_v1:fire_dust":2,"luminousworld:blueberry":5,"tombstone:essence_of_undeath":1,"minecraft:cobblestone":5},"minecraft:dropped":{"minecraft:iron_nugget":5,"born_in_chaos_v1:fire_dust":1,"alexsmobs:animal_dictionary":2,"minecraft:filled_map":1},"minecraft:used":{"minecraft:stone_pickaxe":4,"luminousworld:blackberry":2,"minecraft:spruce_planks":39,"minecraft:dirt":14,"minecraft:crafting_table":5,"minecraft:carrot":13,"minecraft:stripped_spruce_log":1,"minecraft:wooden_axe":28,"luminousworld:blueberry":2,"minecraft:cyan_bed":5,"minecraft:wooden_sword":19,"minecraft:acacia_wood":4,"tombstone:gift":2,"alexsmobs:animal_dictionary":4},"minecraft:crafted":{"minecraft:wooden_sword":1,"minecraft:wooden_shovel":1,"minecraft:crafting_table":1,"minecraft:spruce_planks":104,"minecraft:stick":20,"minecraft:wooden_axe":1},"minecraft:killed_by":{"iceandfire:ghost":1,"illagerinvasion:provoker":1},"minecraft:custom":{"minecraft:interact_with_furnace":1,"minecraft:mob_kills":4,"minecraft:interact_with_crafting_table":10,"minecraft:open_barrel":1,"minecraft:leave_game":2,"minecraft:time_since_death":28046,"minecraft:sleep_in_bed":6,"minecraft:climb_one_cm":498,"minecraft:time_since_rest":15871,"minecraft:sprint_one_cm":279425,"minecraft:damage_taken":965,"minecraft:walk_one_cm":215754,"minecraft:trigger_trapped_chest":1,"minecraft:drop":9,"minecraft:damage_dealt":496,"minecraft:swim_one_cm":13480,"minecraft:fly_one_cm":49430,"minecraft:open_chest":4,"minecraft:crouch_one_cm":180,"minecraft:play_time":65861,"tombstone:undead_killed":1,"minecraft:deaths":3,"minecraft:sneak_time":19,"minecraft:walk_under_water_one_cm":10702,"minecraft:jump":844,"minecraft:walk_on_water_one_cm":11207,"minecraft:total_world_time":65861,"minecraft:fall_one_cm":11924},"minecraft:mined":{"minecraft:spruce_planks":1,"minecraft:brown_mushroom":1,"luminousworld:blueberrystage_0":3,"luminousworld:blueberrybush":1,"luminousworld:blueberry_stage_1":1,"luminousworld:mossbuds_1":2,"minecraft:crafting_table":3,"luminousworld:mossbuds_2":1,"minecraft:grass_block":9,"minecraft:poppy":1,"minecraft:tall_grass":1,"luminousworld:blackberrybush":1,"minecraft:spruce_leaves":24,"minecraft:cyan_bed":5,"minecraft:large_fern":3,"luminousworld:black_berry_stage_1":1,"minecraft:carrots":5,"minecraft:sweet_berry_bush":16,"minecraft:acacia_wood":5,"minecraft:spruce_log":28,"luminousworld:mossbuds_3":1,"minecraft:stripped_spruce_log":2,"minecraft:potatoes":4,"minecraft:oak_log":1,"minecraft:dirt":11,"minecraft:stone":4,"minecraft:fern":2}},"DataVersion":3465}