{"stats":{"minecraft:killed":{"minecraft:chicken":1},"minecraft:picked_up":{"minecraft:crafting_table":1,"minecraft:chicken":1,"minecraft:brown_mushroom":1,"minecraft:acacia_wood":4,"minecraft:potato":15,"minecraft:stripped_spruce_log":2,"minecraft:carrot":17,"minecraft:spruce_log":13,"minecraft:cyan_bed":3,"alexsmobs:animal_dictionary":1},"minecraft:dropped":{"alexsmobs:animal_dictionary":1},"minecraft:used":{"minecraft:wooden_axe":10,"minecraft:cyan_bed":2,"minecraft:wooden_sword":1,"minecraft:crafting_table":2,"minecraft:acacia_wood":4,"alexsmobs:animal_dictionary":4,"minecraft:stripped_spruce_log":1},"minecraft:crafted":{"minecraft:wooden_sword":1,"minecraft:crafting_table":1,"minecraft:spruce_planks":12,"minecraft:stick":4,"minecraft:wooden_axe":1},"minecraft:custom":{"minecraft:time_since_rest":5142,"minecraft:sprint_one_cm":53766,"minecraft:walk_one_cm":35285,"minecraft:mob_kills":1,"minecraft:drop":1,"minecraft:damage_dealt":40,"minecraft:interact_with_crafting_table":2,"minecraft:fly_one_cm":5248,"minecraft:open_barrel":1,"minecraft:open_chest":2,"minecraft:play_time":13894,"minecraft:jump":95,"minecraft:walk_on_water_one_cm":328,"minecraft:time_since_death":13894,"minecraft:sleep_in_bed":1,"minecraft:total_world_time":13894,"minecraft:fall_one_cm":1374},"minecraft:mined":{"minecraft:brown_mushroom":1,"minecraft:carrots":5,"minecraft:acacia_wood":4,"minecraft:spruce_log":13,"minecraft:stripped_spruce_log":2,"minecraft:crafting_table":1,"luminousworld:mossbuds_2":1,"minecraft:potatoes":4,"minecraft:spruce_leaves":6,"minecraft:cyan_bed":3}},"DataVersion":3465}