{"stats":{"minecraft:used":{"minecraft:stone_pickaxe":14,"luminousworld:blackberry":2,"minecraft:spruce_planks":39,"minecraft:dirt":26,"minecraft:crafting_table":5,"minecraft:carrot":22,"minecraft:stripped_spruce_log":1,"minecraft:wooden_axe":28,"luminousworld:blueberry":2,"minecraft:cyan_bed":6,"minecraft:wooden_sword":23,"tombstone:gift":2,"minecraft:acacia_wood":4,"alexsmobs:animal_dictionary":4},"minecraft:picked_up":{"minecraft:crafting_table":6,"minecraft:feather":1,"luminousworld:blackberry":3,"minecraft:chicken":2,"minecraft:brown_mushroom":1,"minecraft:acacia_wood":4,"minecraft:potato":15,"minecraft:filled_map":1,"minecraft:oak_log":1,"minecraft:dirt":28,"minecraft:wheat_seeds":1,"minecraft:spruce_planks":5,"minecraft:stone_pickaxe":1,"minecraft:poppy":1,"minecraft:iron_nugget":9,"minecraft:furnace":1,"minecraft:stick":2,"minecraft:raw_iron":1,"minecraft:sweet_berries":48,"minecraft:porkchop":1,"minecraft:stripped_spruce_log":2,"minecraft:spruce_sapling":5,"minecraft:cyan_bed":8,"minecraft:spruce_log":27,"minecraft:carrot":17,"alexsmobs:animal_dictionary":1,"born_in_chaos_v1:fire_dust":2,"luminousworld:blueberry":5,"tombstone:essence_of_undeath":1,"minecraft:coal":12,"minecraft:cobblestone":9},"minecraft:mined":{"minecraft:spruce_planks":1,"minecraft:brown_mushroom":1,"luminousworld:blueberrystage_0":3,"luminousworld:blueberrybush":1,"luminousworld:blueberry_stage_1":1,"luminousworld:mossbuds_1":2,"minecraft:crafting_table":5,"luminousworld:mossbuds_2":1,"minecraft:grass_block":12,"minecraft:poppy":1,"minecraft:tall_grass":1,"luminousworld:blackberrybush":1,"minecraft:spruce_leaves":24,"minecraft:cyan_bed":7,"minecraft:large_fern":3,"luminousworld:black_berry_stage_1":1,"minecraft:furnace":1,"minecraft:carrots":5,"minecraft:sweet_berry_bush":16,"minecraft:acacia_wood":5,"minecraft:spruce_log":28,"minecraft:stripped_spruce_log":2,"luminousworld:mossbuds_3":1,"minecraft:coal_ore":4,"minecraft:potatoes":4,"minecraft:oak_log":1,"minecraft:dirt":15,"minecraft:stone":8,"minecraft:fern":2},"minecraft:killed":{"minecraft:pig":1,"iceandfire:ghost":1,"minecraft:chicken":2},"minecraft:custom":{"minecraft:interact_with_furnace":3,"minecraft:mob_kills":4,"minecraft:interact_with_crafting_table":10,"minecraft:open_barrel":1,"minecraft:leave_game":2,"minecraft:time_since_death":41425,"minecraft:sleep_in_bed":7,"minecraft:climb_one_cm":498,"minecraft:time_since_rest":12003,"minecraft:sprint_one_cm":306016,"minecraft:damage_taken":1070,"minecraft:walk_one_cm":269197,"minecraft:trigger_trapped_chest":1,"minecraft:drop":9,"minecraft:damage_dealt":527,"minecraft:swim_one_cm":13480,"minecraft:fly_one_cm":54916,"minecraft:open_chest":4,"minecraft:crouch_one_cm":180,"minecraft:play_time":79240,"tombstone:undead_killed":1,"minecraft:deaths":3,"minecraft:sneak_time":19,"minecraft:walk_under_water_one_cm":10702,"minecraft:jump":1055,"minecraft:walk_on_water_one_cm":11207,"minecraft:total_world_time":79240,"minecraft:fall_one_cm":13656},"minecraft:dropped":{"minecraft:iron_nugget":5,"born_in_chaos_v1:fire_dust":1,"alexsmobs:animal_dictionary":2,"minecraft:filled_map":1},"minecraft:killed_by":{"iceandfire:ghost":1,"illagerinvasion:provoker":1},"minecraft:crafted":{"minecraft:wooden_sword":1,"minecraft:wooden_shovel":1,"minecraft:crafting_table":1,"minecraft:spruce_planks":104,"minecraft:stick":20,"minecraft:wooden_axe":1}},"DataVersion":3465}