{"stats":{"minecraft:used":{"minecraft:stone_pickaxe":14,"luminousworld:blackberry":2,"minecraft:spruce_planks":39,"minecraft:dirt":26,"minecraft:crafting_table":6,"minecraft:carrot":31,"minecraft:stripped_spruce_log":1,"minecraft:wooden_axe":28,"luminousworld:blueberry":2,"minecraft:bread":1,"minecraft:cyan_bed":9,"minecraft:wooden_sword":39,"minecraft:furnace":1,"tombstone:gift":2,"minecraft:acacia_wood":4,"alexsmobs:animal_dictionary":4},"minecraft:picked_up":{"minecraft:crafting_table":7,"minecraft:feather":1,"luminousworld:blackberry":3,"minecraft:chicken":2,"minecraft:leather":2,"minecraft:brown_mushroom":3,"minecraft:acacia_wood":4,"minecraft:potato":15,"minecraft:filled_map":1,"minecraft:oak_log":1,"minecraft:chainmail_chestplate":1,"minecraft:dirt":35,"minecraft:wheat_seeds":1,"minecraft:spruce_planks":5,"minecraft:stone_pickaxe":1,"minecraft:poppy":1,"minecraft:iron_nugget":9,"minecraft:furnace":2,"minecraft:stick":2,"minecraft:raw_iron":1,"minecraft:sweet_berries":48,"minecraft:porkchop":4,"minecraft:stripped_spruce_log":2,"minecraft:spruce_sapling":5,"minecraft:cyan_bed":11,"minecraft:carrot":17,"minecraft:spruce_log":27,"alexsmobs:animal_dictionary":1,"minecraft:rotten_flesh":2,"born_in_chaos_v1:fire_dust":2,"luminousworld:blueberry":5,"minecraft:emerald":2,"tombstone:essence_of_undeath":1,"minecraft:coal":12,"minecraft:cobblestone":9},"minecraft:mined":{"minecraft:spruce_planks":1,"minecraft:brown_mushroom":1,"luminousworld:blueberrystage_0":3,"luminousworld:blueberrybush":1,"luminousworld:blueberry_stage_1":1,"luminousworld:mossbuds_1":2,"minecraft:crafting_table":5,"luminousworld:mossbuds_2":1,"minecraft:grass_block":15,"minecraft:poppy":1,"minecraft:tall_grass":2,"luminousworld:blackberrybush":1,"minecraft:spruce_leaves":24,"minecraft:cyan_bed":10,"minecraft:large_fern":3,"luminousworld:black_berry_stage_1":1,"minecraft:furnace":1,"minecraft:carrots":5,"minecraft:fire":1,"minecraft:sweet_berry_bush":16,"minecraft:acacia_wood":5,"minecraft:spruce_log":28,"minecraft:stripped_spruce_log":2,"luminousworld:mossbuds_3":1,"minecraft:grass":3,"minecraft:oak_log":1,"minecraft:potatoes":4,"minecraft:coal_ore":4,"minecraft:dirt":16,"luminousworld:grassvariant_3":2,"minecraft:stone":8,"minecraft:fern":2},"minecraft:killed":{"minecraft:pig":1,"iceandfire:ghost":1,"minecraft:chicken":2,"minecraft:cow":2},"minecraft:custom":{"minecraft:interact_with_furnace":5,"minecraft:mob_kills":6,"minecraft:interact_with_crafting_table":10,"minecraft:open_barrel":1,"minecraft:leave_game":3,"minecraft:time_since_death":29369,"minecraft:sleep_in_bed":11,"minecraft:climb_one_cm":498,"minecraft:time_since_rest":5975,"minecraft:sprint_one_cm":440871,"minecraft:damage_taken":1462,"minecraft:walk_one_cm":412529,"minecraft:trigger_trapped_chest":1,"minecraft:drop":13,"minecraft:damage_dealt":756,"minecraft:swim_one_cm":28016,"minecraft:fly_one_cm":116879,"minecraft:open_chest":7,"minecraft:play_time":114622,"minecraft:crouch_one_cm":180,"tombstone:undead_killed":1,"minecraft:deaths":4,"minecraft:sneak_time":19,"minecraft:walk_under_water_one_cm":12833,"minecraft:jump":1713,"minecraft:walk_on_water_one_cm":17705,"minecraft:total_world_time":114622,"minecraft:fall_one_cm":28964},"minecraft:dropped":{"minecraft:iron_nugget":5,"born_in_chaos_v1:fire_dust":1,"alexsmobs:animal_dictionary":2,"minecraft:leather":2,"minecraft:filled_map":1,"minecraft:wither_rose":2},"minecraft:killed_by":{"enemyexpansion:botfly":1,"iceandfire:ghost":1,"illagerinvasion:provoker":1},"minecraft:crafted":{"minecraft:wooden_sword":1,"minecraft:wooden_shovel":1,"minecraft:cooked_porkchop":3,"minecraft:crafting_table":1,"minecraft:spruce_planks":104,"minecraft:stick":20,"minecraft:wooden_axe":1}},"DataVersion":3465}