{"stats":{"minecraft:dropped":{"minecraft:pink_carpet":2,"minecraft:magenta_carpet":1},"minecraft:picked_up":{"minecraft:pink_petals":16,"minecraft:magenta_carpet":1,"minecraft:pink_carpet":1},"minecraft:custom":{"minecraft:jump":121,"minecraft:time_since_rest":16583,"minecraft:sprint_one_cm":14865,"minecraft:play_time":16583,"minecraft:walk_on_water_one_cm":2258,"minecraft:time_since_death":16583,"minecraft:walk_one_cm":48731,"minecraft:sneak_time":80,"minecraft:total_world_time":16583,"minecraft:walk_under_water_one_cm":3749,"minecraft:drop":3,"minecraft:fly_one_cm":56838},"minecraft:used":{"minecraft:magenta_concrete":44,"minecraft:pink_concrete":42,"minecraft:torch":10,"minecraft:pink_carpet":1,"minecraft:white_concrete":10,"minecraft:stone":27}},"DataVersion":3465}