{"stats":{"minecraft:dropped":{"minecraft:magenta_carpet":1,"minecraft:pink_carpet":2,"minecraft:magenta_concrete":1},"minecraft:picked_up":{"minecraft:pink_petals":20,"minecraft:repeater":2,"minecraft:magenta_carpet":1,"minecraft:torch":3,"minecraft:pink_carpet":2,"minecraft:wheat_seeds":1,"minecraft:spore_blossom":1,"minecraft:painting":2,"minecraft:bone_meal":1,"minecraft:cherry_trapdoor":1},"minecraft:custom":{"minecraft:time_since_rest":76583,"minecraft:sprint_one_cm":42352,"minecraft:walk_one_cm":188468,"minecraft:drop":4,"minecraft:swim_one_cm":312,"minecraft:fly_one_cm":207508,"minecraft:crouch_one_cm":37,"minecraft:play_time":76583,"minecraft:sneak_time":132,"minecraft:walk_under_water_one_cm":11659,"minecraft:pot_flower":1,"minecraft:jump":567,"minecraft:walk_on_water_one_cm":6396,"minecraft:time_since_death":76583,"minecraft:total_world_time":76583},"minecraft:used":{"minecraft:cherry_sapling":13,"minecraft:flower_pot":1,"minecraft:grass_block":23,"minecraft:brown_wool":1,"minecraft:pink_banner":1,"minecraft:cherry_trapdoor":2,"minecraft:magenta_concrete":142,"minecraft:stone":27,"minecraft:cherry_button":2,"minecraft:cherry_leaves":14,"minecraft:pink_wool":5,"minecraft:pink_concrete":306,"minecraft:torch":13,"minecraft:pink_bed":3,"minecraft:glow_item_frame":1,"minecraft:repeater":2,"minecraft:cherry_stairs":4,"minecraft:jungle_button":1,"minecraft:magenta_bed":2,"minecraft:chain":3,"minecraft:pink_shulker_box":3,"minecraft:pink_carpet":22,"minecraft:white_concrete":10,"minecraft:stripped_cherry_wood":8,"minecraft:painting":18,"minecraft:bone_meal":52}},"DataVersion":3465}