{"stats":{"minecraft:dropped":{"minecraft:pink_carpet":2,"minecraft:magenta_carpet":1,"minecraft:magenta_concrete":1},"minecraft:picked_up":{"minecraft:pink_petals":20,"minecraft:repeater":2,"minecraft:wheat_seeds":1,"minecraft:magenta_carpet":1,"minecraft:torch":3,"minecraft:pink_carpet":2},"minecraft:custom":{"minecraft:time_since_rest":40583,"minecraft:play_time":40583,"minecraft:sprint_one_cm":25104,"minecraft:walk_one_cm":101952,"minecraft:sneak_time":85,"minecraft:walk_under_water_one_cm":3749,"minecraft:drop":4,"minecraft:jump":325,"minecraft:time_since_death":40583,"minecraft:walk_on_water_one_cm":2258,"minecraft:total_world_time":40583,"minecraft:fly_one_cm":102100},"minecraft:used":{"minecraft:pink_bed":1,"minecraft:torch":13,"minecraft:pink_concrete":284,"minecraft:repeater":2,"minecraft:magenta_bed":2,"minecraft:grass_block":20,"minecraft:magenta_concrete":142,"minecraft:stone":27,"minecraft:white_concrete":10,"minecraft:pink_carpet":1}},"DataVersion":3465}