{"stats":{"minecraft:killed":{"minecraft:pig":1,"iceandfire:ghost":1,"minecraft:chicken":2},"minecraft:picked_up":{"minecraft:stick":2,"minecraft:crafting_table":2,"minecraft:feather":1,"minecraft:chicken":2,"minecraft:brown_mushroom":1,"minecraft:acacia_wood":4,"minecraft:potato":15,"minecraft:porkchop":1,"minecraft:cyan_bed":6,"minecraft:stripped_spruce_log":2,"minecraft:spruce_sapling":2,"minecraft:carrot":17,"minecraft:spruce_log":23,"minecraft:dirt":8,"alexsmobs:animal_dictionary":1,"minecraft:wheat_seeds":1,"minecraft:spruce_planks":3,"luminousworld:blueberry":3,"tombstone:essence_of_undeath":1,"minecraft:iron_nugget":9,"minecraft:cobblestone":1},"minecraft:dropped":{"minecraft:iron_nugget":5,"alexsmobs:animal_dictionary":2},"minecraft:used":{"minecraft:wooden_axe":17,"luminousworld:blueberry":1,"minecraft:cyan_bed":4,"minecraft:spruce_planks":39,"minecraft:wooden_sword":19,"minecraft:dirt":8,"minecraft:crafting_table":3,"tombstone:gift":2,"minecraft:carrot":8,"alexsmobs:animal_dictionary":4,"minecraft:acacia_wood":4,"minecraft:stripped_spruce_log":1},"minecraft:crafted":{"minecraft:wooden_sword":1,"minecraft:wooden_shovel":1,"minecraft:crafting_table":1,"minecraft:spruce_planks":84,"minecraft:stick":20,"minecraft:wooden_axe":1},"minecraft:killed_by":{"iceandfire:ghost":1,"illagerinvasion:provoker":1},"minecraft:custom":{"minecraft:time_since_rest":9618,"minecraft:sprint_one_cm":228188,"minecraft:damage_taken":755,"minecraft:walk_one_cm":161430,"minecraft:trigger_trapped_chest":1,"minecraft:mob_kills":4,"minecraft:drop":7,"minecraft:damage_dealt":408,"minecraft:swim_one_cm":13480,"minecraft:interact_with_crafting_table":7,"minecraft:fly_one_cm":39325,"minecraft:open_barrel":1,"minecraft:open_chest":4,"minecraft:crouch_one_cm":180,"minecraft:play_time":48312,"tombstone:undead_killed":1,"minecraft:deaths":3,"minecraft:sneak_time":19,"minecraft:walk_under_water_one_cm":10702,"minecraft:jump":601,"minecraft:leave_game":1,"minecraft:time_since_death":10497,"minecraft:walk_on_water_one_cm":11207,"minecraft:sleep_in_bed":5,"minecraft:climb_one_cm":498,"minecraft:total_world_time":48312,"minecraft:fall_one_cm":9550},"minecraft:mined":{"minecraft:large_fern":2,"minecraft:spruce_planks":1,"minecraft:brown_mushroom":1,"minecraft:carrots":5,"luminousworld:blueberrystage_0":2,"luminousworld:blueberrybush":1,"minecraft:acacia_wood":5,"minecraft:spruce_log":23,"minecraft:stripped_spruce_log":2,"luminousworld:mossbuds_3":1,"minecraft:crafting_table":2,"luminousworld:mossbuds_2":1,"minecraft:grass_block":8,"minecraft:potatoes":4,"minecraft:tall_grass":1,"minecraft:spruce_leaves":12,"minecraft:cyan_bed":5,"minecraft:fern":1}},"DataVersion":3465}