{"stats":{"minecraft:dropped":{"minecraft:magenta_carpet":1,"minecraft:chest":12,"minecraft:netherite_chestplate":2,"minecraft:netherite_boots":2,"minecraft:pink_carpet":2,"minecraft:magenta_concrete":1,"minecraft:coal":230,"minecraft:netherite_leggings":1,"minecraft:red_carpet":2},"minecraft:killed":{"minecraft:villager":1},"minecraft:picked_up":{"minecraft:pink_petals":23,"minecraft:netherite_boots":2,"minecraft:repeater":2,"minecraft:lead":2,"minecraft:magenta_carpet":1,"minecraft:torch":3,"minecraft:pink_carpet":2,"minecraft:netherite_leggings":1,"minecraft:red_bed":2,"minecraft:red_carpet":2,"minecraft:blue_orchid":1,"minecraft:wheat_seeds":1,"minecraft:netherite_sword":1,"minecraft:spore_blossom":1,"minecraft:painting":2,"minecraft:bone_meal":1,"minecraft:netherite_chestplate":2,"minecraft:chest":12,"minecraft:coal":256,"minecraft:cherry_trapdoor":1},"minecraft:custom":{"minecraft:time_since_rest":6997,"minecraft:sprint_one_cm":51381,"minecraft:walk_one_cm":233719,"minecraft:mob_kills":1,"minecraft:drop":19,"minecraft:damage_dealt":180,"minecraft:swim_one_cm":2721,"minecraft:fly_one_cm":378164,"minecraft:open_chest":3,"minecraft:crouch_one_cm":181,"minecraft:play_time":97366,"minecraft:open_shulker_box":1,"minecraft:sneak_time":670,"minecraft:walk_under_water_one_cm":11812,"minecraft:pot_flower":1,"minecraft:jump":768,"minecraft:leave_game":4,"minecraft:walk_on_water_one_cm":9298,"minecraft:time_since_death":97366,"minecraft:sleep_in_bed":2,"minecraft:total_world_time":97366},"minecraft:used":{"minecraft:birch_fence":1,"minecraft:cherry_sapling":13,"minecraft:netherite_sword":3,"minecraft:flower_pot":1,"minecraft:grass_block":23,"minecraft:brown_wool":1,"minecraft:pink_banner":1,"minecraft:cherry_trapdoor":2,"minecraft:magenta_concrete":142,"minecraft:stone":27,"minecraft:cherry_button":2,"minecraft:cherry_leaves":14,"minecraft:pink_wool":5,"minecraft:cat_spawn_egg":2,"minecraft:pink_concrete":308,"minecraft:pink_bed":5,"minecraft:torch":13,"minecraft:glow_item_frame":1,"minecraft:repeater":2,"minecraft:cherry_stairs":4,"minecraft:jungle_button":1,"minecraft:magenta_bed":2,"minecraft:pink_shulker_box":4,"minecraft:chain":3,"minecraft:painting":18,"minecraft:white_concrete":10,"minecraft:stripped_cherry_wood":8,"minecraft:pink_carpet":22,"minecraft:bone_meal":52}},"DataVersion":3465}