{"stats":{"minecraft:used":{"minecraft:stone_sword":99,"minecraft:iron_shovel":23,"minecraft:iron_sword":323,"minecraft:torch":35,"minecraft:dirt":15,"minecraft:wooden_axe":16,"minecraft:iron_axe":19,"minecraft:furnace":1,"minecraft:cooked_beef":4,"minecraft:cooked_mutton":6,"minecraft:diorite":3,"minecraft:leather_leggings":1,"minecraft:stone_pickaxe":79,"minecraft:wooden_pickaxe":9,"minecraft:leather_chestplate":1,"minecraft:crafting_table":5,"minecraft:white_bed":8,"minecraft:black_bed":6,"minecraft:bread":32,"minecraft:iron_pickaxe":203,"minecraft:stone_axe":73,"minecraft:cobblestone":7,"alexsmobs:animal_dictionary":1,"minecraft:oak_boat":1},"minecraft:picked_up":{"minecraft:cocoa_beans":11,"luminousworld:groundpebbles_1":1,"minecraft:crafting_table":4,"minecraft:wheat":1,"luminousworld:decorative_brown_2":1,"iceandfire:fire_lily":1,"minecraft:brown_mushroom":1,"minecraft:cooked_rabbit":1,"tombstone:grave_key":1,"minecraft:string":42,"minecraft:item_frame":4,"minecraft:experience_bottle":3,"minecraft:zombie_head":1,"minecraft:gold_nugget":15,"minecraft:cobbled_deepslate":9,"minecraft:beef":1,"minecraft:oak_boat":1,"minecraft:melon_slice":24,"minecraft:sugar_cane":7,"minecraft:furnace":1,"minecraft:mangrove_log":2,"minecraft:egg":1,"minecraft:stick":1,"minecraft:sandstone":2,"minecraft:raw_iron":49,"luminousworld:spuds":1,"luminousworld:blue_petunias":6,"ecologics:walnut_log":7,"minecraft:oak_fence":1,"minecraft:torch":12,"sophisticatedbackpacks:backpack":1,"minecraft:porkchop":3,"minecraft:stone_button":2,"tombstone:grave_dust":2,"minecraft:diorite":22,"minecraft:carrot":1,"minecraft:redstone":5,"minecraft:rabbit_foot":1,"iceandfire:lightning_lily":4,"luminousworld:grassflowers":1,"luminousworld:decorative_brown_mushroom_1":2,"minecraft:arrow":1,"minecraft:rotten_flesh":8,"minecraft:pumpkin_pie":2,"minecraft:hay_block":41,"supplementaries:ash":17,"minecraft:skeleton_skull":1,"minecraft:cobblestone":123,"born_in_chaos_v1:fused_bone":1,"ecologics:walnut":1,"minecraft:jungle_log":1,"minecraft:cooked_beef":4,"born_in_chaos_v1:monster_flesh":1,"minecraft:andesite":1,"minecraft:salmon":3,"minecraft:black_bed":6,"minecraft:leather":1,"minecraft:flint":1,"minecraft:tuff":4,"minecraft:oak_log":14,"supplementaries:flax_seeds":1,"minecraft:gunpowder":1,"minecraft:lapis_lazuli":32,"minecraft:dirt":47,"minecraft:cooked_mutton":7,"born_in_chaos_v1:marigolds":1,"naturalist:bass":4,"minecraft:bone":9,"minecraft:bow":1,"minecraft:wheat_seeds":13,"minecraft:rabbit_hide":2,"luminousworld:white_petunias":1,"minecraft:sand":18,"sophisticatedbackpacks:iron_backpack":1,"minecraft:spruce_log":5,"minecraft:white_bed":9,"alexsmobs:animal_dictionary":1,"minecraft:spruce_fence_gate":1,"minecraft:granite":13,"minecraft:emerald":16,"tombstone:magic_scroll":2,"minecraft:coal":39},"minecraft:broken":{"minecraft:iron_sword":1},"minecraft:mined":{"luminousworld:white_petunias":1,"iceandfire:lightning_lily":4,"minecraft:tuff":2,"minecraft:white_bed":8,"iceandfire:silver_ore":2,"luminousworld:grassvariant_4":1,"luminousworld:blue_petunias":3,"luminousworld:mossbuds_1":1,"minecraft:granite":13,"luminousworld:mossbuds_2":2,"minecraft:grass_block":19,"minecraft:jungle_log":1,"luminousworld:grassvariant_2":5,"luminousworld:decorative_brown_mushroom_1":4,"minecraft:spruce_leaves":2,"minecraft:sandstone":2,"minecraft:hay_block":41,"minecraft:smooth_stone":1,"minecraft:tall_seagrass":1,"minecraft:furnace":1,"minecraft:iron_ore":22,"minecraft:andesite":3,"minecraft:deepslate_lapis_ore":2,"minecraft:vine":2,"minecraft:deepslate_iron_ore":26,"minecraft:iron_bars":5,"ecologics:walnut_log":7,"minecraft:stone":127,"luminousworld:decorative_brown_2":1,"minecraft:cake":1,"minecraft:deepslate_redstone_ore":1,"minecraft:brown_mushroom":1,"born_in_chaos_v1:marigolds":1,"luminousworld:purple_petunias":1,"minecraft:oak_fence":3,"minecraft:crafting_table":4,"luminousworld:savannah_grass_1":1,"minecraft:melon":5,"ecologics:walnut_leaves":3,"luminousworld:spuds":1,"iceandfire:fire_lily":1,"minecraft:tall_grass":3,"minecraft:cobblestone":1,"minecraft:lapis_ore":3,"minecraft:sugar_cane":4,"minecraft:diorite":22,"supplementaries:urn":9,"minecraft:skeleton_skull":1,"minecraft:wheat":1,"minecraft:spruce_log":5,"born_in_chaos_v1:river_mint":1,"minecraft:black_bed":6,"minecraft:grass":24,"minecraft:oak_log":14,"minecraft:coal_ore":39,"minecraft:cocoa":5,"minecraft:zombie_head":1,"minecraft:sand":16,"minecraft:dirt":23,"luminousworld:grassvariant_3":3,"minecraft:cobweb":31,"minecraft:spruce_fence_gate":1,"minecraft:deepslate":7,"minecraft:fern":1},"minecraft:killed":{"earthmobsmod:jumbo_rabbit":1,"undead_revamp2:theimmortal":2,"born_in_chaos_v1:zombie_lumberjack":1,"enemyexpansion:vampbiter":1,"alexsmobs:seagull":1,"enemyexpansion:direwolf":2,"minecraft:skeleton":1,"naturalist:bass":4,"friendsandfoes:copper_golem":1,"minecraft:pig":1,"minecraft:salmon":4,"undead_revamp2:the_moonflower":1,"enemyexpansion:sprinter":1,"luminousworld:trout_fish":1,"born_in_chaos_v1:decrepit_skeleton":1,"minecraft:zombie":2,"born_in_chaos_v1:dread_hound":1,"born_in_chaos_v1:siamese_skeletonsleft":1,"minecraft:cow":1},"minecraft:custom":{"minecraft:mob_kills":29,"minecraft:interact_with_crafting_table":18,"minecraft:open_barrel":6,"minecraft:damage_dealt_resisted":67,"minecraft:leave_game":3,"minecraft:time_since_death":44014,"minecraft:climb_one_cm":3647,"minecraft:sprint_one_cm":671648,"minecraft:walk_one_cm":499441,"minecraft:drop":57,"minecraft:talked_to_villager":1,"minecraft:play_time":172006,"minecraft:deaths":7,"minecraft:sneak_time":1545,"minecraft:walk_under_water_one_cm":26340,"minecraft:boat_one_cm":55260,"minecraft:jump":2756,"minecraft:walk_on_water_one_cm":57179,"minecraft:total_world_time":172006,"minecraft:interact_with_furnace":7,"minecraft:sleep_in_bed":11,"minecraft:time_since_rest":9310,"minecraft:damage_taken":3116,"minecraft:damage_dealt":4777,"minecraft:swim_one_cm":88622,"minecraft:fly_one_cm":525010,"minecraft:open_chest":11,"minecraft:crouch_one_cm":3421,"tombstone:undead_killed":11,"minecraft:fall_one_cm":59434},"minecraft:dropped":{"minecraft:wheat_seeds":7,"luminousworld:spuds":1,"minecraft:oak_fence":1,"minecraft:stick":11,"minecraft:spruce_fence_gate":1,"minecraft:dirt":18,"minecraft:diorite":5,"tombstone:magic_scroll":1,"tombstone:grave_key":2,"minecraft:wooden_axe":1,"minecraft:sand":3,"minecraft:string":22,"luminousworld:decorative_brown_2":1,"minecraft:stone_axe":1,"minecraft:stone_sword":1,"alexsmobs:animal_dictionary":1,"minecraft:rotten_flesh":8,"sophisticatedbackpacks:backpack":1,"minecraft:leather_chestplate":1,"luminousworld:grassflowers":1,"luminousworld:groundpebbles_1":1,"minecraft:andesite":1,"minecraft:leather_leggings":1,"minecraft:wooden_pickaxe":1,"luminousworld:blue_petunias":3,"minecraft:stone_pickaxe":1,"born_in_chaos_v1:marigolds":1},"minecraft:killed_by":{"undead_revamp2:clogger":1,"enemyexpansion:vampflyer":1,"iceandfire:fire_dragon":3},"minecraft:crafted":{"minecraft:oak_planks":56,"ecologics:walnut_planks":12,"minecraft:furnace":1,"minecraft:iron_axe":1,"minecraft:stone_pickaxe":1,"minecraft:wheat":369,"minecraft:wooden_shovel":1,"minecraft:crafting_table":1,"minecraft:wooden_pickaxe":1,"minecraft:iron_helmet":1,"minecraft:iron_sword":1,"minecraft:stone_axe":1,"minecraft:bread":78,"minecraft:air":0,"minecraft:oak_boat":1,"minecraft:stick":36,"minecraft:iron_ingot":16,"minecraft:iron_pickaxe":1,"minecraft:wooden_axe":1,"minecraft:stone_sword":1,"minecraft:torch":32}},"DataVersion":3465}