{"stats":{"minecraft:dropped":{"luckytntmod:silk_touch_tnt":1,"minecraft:wheat_seeds":3,"luckytntmod:item_firework":1,"luckytntmod:disaster_clearer":1},"minecraft:mined":{"minecraft:grass":9,"minecraft:sunflower":3},"minecraft:killed":{"minecraft:sheep":12,"minecraft:horse":3,"minecraft:skeleton":23,"minecraft:zombie":37,"minecraft:pig":5,"minecraft:chicken":9,"minecraft:spider":18,"minecraft:drowned":7,"minecraft:bat":57,"minecraft:glow_squid":12,"minecraft:cod":184,"minecraft:dolphin":8,"minecraft:slime":1,"minecraft:creeper":39,"minecraft:squid":20,"minecraft:enderman":4,"minecraft:cow":8},"minecraft:picked_up":{"minecraft:pink_petals":1,"minecraft:yellow_concrete":1,"luckytntmod:red_candy":4,"minecraft:orange_concrete":1,"luckytntmod:green_candy":3,"luckytntmod:purple_candy":1,"minecraft:wheat_seeds":6,"minecraft:cherry_sapling":1,"minecraft:sunflower":10},"minecraft:custom":{"minecraft:time_since_rest":55172,"minecraft:sprint_one_cm":3857,"minecraft:walk_one_cm":21938,"minecraft:mob_kills":481,"minecraft:drop":4,"minecraft:damage_dealt":52,"minecraft:fly_one_cm":565244,"minecraft:crouch_one_cm":1334,"minecraft:play_time":55172,"minecraft:sneak_time":1235,"minecraft:walk_under_water_one_cm":5036,"minecraft:jump":223,"minecraft:leave_game":3,"minecraft:walk_on_water_one_cm":5312,"minecraft:time_since_death":55172,"minecraft:total_world_time":55172,"minecraft:fall_one_cm":209},"minecraft:used":{"luckytntmod:honey_tnt":2,"luckytntmod:eating_tnt":1,"luckytntmod:stone_cold":1,"luckytntmod:xray_tnt":1,"luckytntmod:item_firework":1,"luckytntmod:firestorm_tnt":1,"luckytntmod:giant_tnt":1,"minecraft:flint_and_steel":23,"luckytntmod:helix":2,"luckytntmod:custom_tnt":1,"minecraft:sunflower":3,"minecraft:lantern":15,"luckytntmod:sinkhole_tnt":1,"minecraft:grass_block":258,"luckytntmod:say_goodbye":1,"luckytntmod:tnt_x20":1,"luckytntmod:phobos":2,"luckytntmod:death_ray":2,"luckytntmod:cannon_tnt":1,"luckytntmod:fluorine_tnt":3,"luckytntmod:silk_touch_tnt":1,"luckytntmod:pumpkin_bomb":2,"luckytntmod:tnt_rain":1,"luckytntmod:disaster_clearer":2}},"DataVersion":3465}