{"stats":{"minecraft:used":{"minecraft:stone_sword":99,"minecraft:iron_sword":245,"minecraft:torch":26,"minecraft:dirt":15,"minecraft:wooden_axe":16,"minecraft:furnace":1,"minecraft:cooked_beef":4,"minecraft:cooked_mutton":2,"minecraft:leather_leggings":1,"minecraft:stone_pickaxe":79,"minecraft:wooden_pickaxe":9,"minecraft:leather_chestplate":1,"minecraft:crafting_table":5,"minecraft:white_bed":8,"minecraft:black_bed":6,"minecraft:bread":21,"minecraft:iron_pickaxe":45,"minecraft:stone_axe":73,"minecraft:cobblestone":7,"alexsmobs:animal_dictionary":1,"minecraft:oak_boat":1},"minecraft:picked_up":{"luminousworld:groundpebbles_1":1,"minecraft:crafting_table":4,"minecraft:wheat":1,"luminousworld:decorative_brown_2":1,"minecraft:brown_mushroom":1,"minecraft:cooked_rabbit":1,"tombstone:grave_key":1,"minecraft:string":42,"minecraft:item_frame":4,"minecraft:experience_bottle":3,"minecraft:zombie_head":1,"minecraft:gold_nugget":15,"minecraft:cobbled_deepslate":5,"minecraft:beef":1,"minecraft:oak_boat":1,"minecraft:sugar_cane":7,"minecraft:mangrove_log":2,"minecraft:egg":1,"minecraft:furnace":1,"minecraft:raw_iron":43,"luminousworld:spuds":1,"luminousworld:blue_petunias":6,"ecologics:walnut_log":7,"minecraft:oak_fence":1,"minecraft:torch":11,"sophisticatedbackpacks:backpack":1,"minecraft:porkchop":3,"minecraft:stone_button":2,"tombstone:grave_dust":2,"minecraft:diorite":5,"minecraft:carrot":1,"minecraft:redstone":5,"minecraft:rabbit_foot":1,"luminousworld:decorative_brown_mushroom_1":2,"luminousworld:grassflowers":1,"minecraft:arrow":1,"minecraft:rotten_flesh":8,"minecraft:pumpkin_pie":2,"minecraft:hay_block":41,"supplementaries:ash":17,"minecraft:skeleton_skull":1,"minecraft:cobblestone":37,"born_in_chaos_v1:fused_bone":1,"ecologics:walnut":1,"minecraft:cooked_beef":4,"born_in_chaos_v1:monster_flesh":1,"minecraft:andesite":1,"minecraft:salmon":3,"minecraft:black_bed":6,"minecraft:leather":1,"minecraft:flint":1,"minecraft:tuff":2,"minecraft:oak_log":14,"supplementaries:flax_seeds":1,"minecraft:dirt":35,"minecraft:cooked_mutton":7,"born_in_chaos_v1:marigolds":1,"naturalist:bass":4,"minecraft:bone":9,"minecraft:bow":1,"minecraft:wheat_seeds":13,"minecraft:rabbit_hide":2,"minecraft:sand":6,"sophisticatedbackpacks:iron_backpack":1,"minecraft:spruce_log":5,"minecraft:white_bed":8,"alexsmobs:animal_dictionary":1,"minecraft:spruce_fence_gate":1,"minecraft:emerald":16,"minecraft:coal":19},"minecraft:mined":{"minecraft:white_bed":7,"iceandfire:silver_ore":2,"luminousworld:blue_petunias":3,"luminousworld:mossbuds_1":1,"luminousworld:mossbuds_2":2,"minecraft:grass_block":10,"luminousworld:grassvariant_2":5,"luminousworld:decorative_brown_mushroom_1":4,"minecraft:spruce_leaves":2,"minecraft:hay_block":41,"minecraft:smooth_stone":1,"minecraft:tall_seagrass":1,"minecraft:furnace":1,"minecraft:iron_ore":19,"minecraft:andesite":3,"minecraft:deepslate_iron_ore":23,"minecraft:iron_bars":5,"ecologics:walnut_log":7,"luminousworld:decorative_brown_2":1,"minecraft:stone":38,"minecraft:cake":1,"minecraft:deepslate_redstone_ore":1,"minecraft:brown_mushroom":1,"born_in_chaos_v1:marigolds":1,"luminousworld:purple_petunias":1,"minecraft:oak_fence":3,"minecraft:crafting_table":4,"ecologics:walnut_leaves":3,"luminousworld:spuds":1,"minecraft:tall_grass":3,"minecraft:cobblestone":1,"minecraft:sugar_cane":4,"minecraft:diorite":5,"supplementaries:urn":9,"minecraft:skeleton_skull":1,"minecraft:wheat":1,"minecraft:spruce_log":5,"born_in_chaos_v1:river_mint":1,"minecraft:black_bed":6,"minecraft:grass":19,"minecraft:oak_log":14,"minecraft:coal_ore":19,"minecraft:zombie_head":1,"minecraft:sand":3,"minecraft:dirt":20,"luminousworld:grassvariant_3":2,"minecraft:cobweb":31,"minecraft:spruce_fence_gate":1,"minecraft:deepslate":5},"minecraft:killed":{"earthmobsmod:jumbo_rabbit":1,"born_in_chaos_v1:zombie_lumberjack":1,"enemyexpansion:vampbiter":1,"minecraft:skeleton":1,"naturalist:bass":4,"friendsandfoes:copper_golem":1,"minecraft:pig":1,"minecraft:salmon":4,"undead_revamp2:the_moonflower":1,"enemyexpansion:sprinter":1,"luminousworld:trout_fish":1,"minecraft:zombie":2,"born_in_chaos_v1:dread_hound":1,"born_in_chaos_v1:siamese_skeletonsleft":1,"minecraft:cow":1},"minecraft:custom":{"minecraft:mob_kills":23,"minecraft:interact_with_crafting_table":18,"minecraft:open_barrel":6,"minecraft:damage_dealt_resisted":67,"minecraft:leave_game":2,"minecraft:time_since_death":3265,"minecraft:climb_one_cm":3245,"minecraft:sprint_one_cm":475642,"minecraft:walk_one_cm":406681,"minecraft:drop":55,"minecraft:talked_to_villager":1,"minecraft:play_time":131257,"minecraft:deaths":7,"minecraft:sneak_time":937,"minecraft:walk_under_water_one_cm":11597,"minecraft:boat_one_cm":55260,"minecraft:jump":1983,"minecraft:walk_on_water_one_cm":24183,"minecraft:total_world_time":131257,"minecraft:interact_with_furnace":7,"minecraft:sleep_in_bed":9,"minecraft:time_since_rest":866,"minecraft:damage_taken":2621,"minecraft:damage_dealt":3788,"minecraft:swim_one_cm":77049,"minecraft:fly_one_cm":399587,"minecraft:open_chest":11,"minecraft:crouch_one_cm":2386,"tombstone:undead_killed":8,"minecraft:fall_one_cm":46740},"minecraft:dropped":{"minecraft:wheat_seeds":7,"luminousworld:spuds":1,"minecraft:oak_fence":1,"minecraft:stick":11,"minecraft:spruce_fence_gate":1,"minecraft:dirt":18,"minecraft:diorite":5,"tombstone:grave_key":2,"minecraft:wooden_axe":1,"minecraft:sand":3,"minecraft:string":22,"luminousworld:decorative_brown_2":1,"minecraft:stone_axe":1,"minecraft:stone_sword":1,"alexsmobs:animal_dictionary":1,"minecraft:rotten_flesh":6,"sophisticatedbackpacks:backpack":1,"minecraft:leather_chestplate":1,"luminousworld:grassflowers":1,"luminousworld:groundpebbles_1":1,"minecraft:andesite":1,"minecraft:leather_leggings":1,"minecraft:wooden_pickaxe":1,"luminousworld:blue_petunias":3,"minecraft:stone_pickaxe":1,"born_in_chaos_v1:marigolds":1},"minecraft:killed_by":{"undead_revamp2:clogger":1,"enemyexpansion:vampflyer":1,"iceandfire:fire_dragon":3},"minecraft:crafted":{"minecraft:oak_planks":56,"ecologics:walnut_planks":12,"minecraft:furnace":1,"minecraft:iron_axe":1,"minecraft:stone_pickaxe":1,"minecraft:wheat":369,"minecraft:wooden_shovel":1,"minecraft:crafting_table":1,"minecraft:wooden_pickaxe":1,"minecraft:iron_helmet":1,"minecraft:iron_sword":1,"minecraft:stone_axe":1,"minecraft:bread":78,"minecraft:air":0,"minecraft:oak_boat":1,"minecraft:stick":36,"minecraft:iron_ingot":16,"minecraft:iron_pickaxe":1,"minecraft:wooden_axe":1,"minecraft:stone_sword":1,"minecraft:torch":32}},"DataVersion":3465}