{"stats":{"minecraft:used":{"minecraft:cooked_mutton":1,"minecraft:leather_leggings":1,"minecraft:stone_sword":99,"minecraft:stone_pickaxe":44,"minecraft:leather_chestplate":1,"minecraft:wooden_pickaxe":9,"minecraft:iron_sword":9,"minecraft:dirt":15,"minecraft:crafting_table":2,"minecraft:white_bed":5,"minecraft:wooden_axe":16,"minecraft:bread":13,"minecraft:stone_axe":34,"alexsmobs:animal_dictionary":1,"minecraft:cooked_beef":4},"minecraft:picked_up":{"luminousworld:groundpebbles_1":1,"minecraft:crafting_table":2,"ecologics:walnut":1,"minecraft:wheat":1,"minecraft:cooked_beef":4,"luminousworld:decorative_brown_2":1,"minecraft:leather":1,"minecraft:brown_mushroom":1,"tombstone:grave_key":1,"minecraft:dirt":32,"born_in_chaos_v1:marigolds":1,"minecraft:cooked_mutton":7,"minecraft:item_frame":3,"minecraft:experience_bottle":3,"minecraft:wheat_seeds":13,"minecraft:rabbit_hide":2,"minecraft:beef":1,"minecraft:oak_boat":1,"minecraft:sugar_cane":7,"minecraft:egg":1,"minecraft:raw_iron":6,"luminousworld:spuds":1,"luminousworld:blue_petunias":6,"ecologics:walnut_log":7,"minecraft:porkchop":3,"minecraft:stone_button":2,"minecraft:diorite":5,"minecraft:white_bed":6,"minecraft:spruce_log":5,"minecraft:rabbit_foot":1,"luminousworld:grassflowers":1,"luminousworld:decorative_brown_mushroom_1":2,"minecraft:rotten_flesh":5,"minecraft:hay_block":22,"minecraft:emerald":3,"minecraft:coal":19,"minecraft:skeleton_skull":1,"minecraft:cobblestone":19},"minecraft:mined":{"minecraft:white_bed":6,"minecraft:brown_mushroom":1,"iceandfire:silver_ore":2,"born_in_chaos_v1:marigolds":1,"luminousworld:purple_petunias":1,"luminousworld:blue_petunias":3,"luminousworld:mossbuds_1":1,"minecraft:oak_fence":2,"minecraft:crafting_table":2,"luminousworld:mossbuds_2":2,"minecraft:grass_block":10,"ecologics:walnut_leaves":3,"luminousworld:spuds":1,"luminousworld:grassvariant_2":5,"minecraft:tall_grass":3,"luminousworld:decorative_brown_mushroom_1":4,"minecraft:spruce_leaves":2,"minecraft:sugar_cane":4,"minecraft:diorite":5,"minecraft:skeleton_skull":1,"minecraft:hay_block":22,"minecraft:iron_ore":6,"minecraft:wheat":1,"minecraft:spruce_log":5,"born_in_chaos_v1:river_mint":1,"minecraft:grass":18,"minecraft:coal_ore":19,"minecraft:dirt":20,"luminousworld:grassvariant_3":2,"ecologics:walnut_log":7,"minecraft:stone":19,"luminousworld:decorative_brown_2":1,"minecraft:cake":1},"minecraft:killed":{"minecraft:pig":1,"earthmobsmod:jumbo_rabbit":1,"undead_revamp2:the_moonflower":1,"minecraft:cow":1},"minecraft:custom":{"minecraft:mob_kills":4,"minecraft:interact_with_crafting_table":7,"minecraft:damage_dealt_resisted":67,"minecraft:time_since_death":19174,"minecraft:sleep_in_bed":4,"minecraft:climb_one_cm":3245,"minecraft:time_since_rest":8901,"minecraft:sprint_one_cm":339176,"minecraft:damage_taken":1646,"minecraft:walk_one_cm":223565,"minecraft:drop":10,"minecraft:damage_dealt":850,"minecraft:swim_one_cm":46862,"minecraft:fly_one_cm":290242,"minecraft:open_chest":7,"minecraft:crouch_one_cm":835,"minecraft:play_time":64877,"tombstone:undead_killed":1,"minecraft:deaths":4,"minecraft:sneak_time":286,"minecraft:walk_under_water_one_cm":4457,"minecraft:boat_one_cm":34425,"minecraft:jump":1445,"minecraft:walk_on_water_one_cm":14514,"minecraft:total_world_time":64877,"minecraft:fall_one_cm":38112},"minecraft:dropped":{"minecraft:wheat_seeds":7,"minecraft:stone_sword":1,"luminousworld:spuds":1,"luminousworld:grassflowers":1,"tombstone:grave_key":1,"luminousworld:groundpebbles_1":1,"minecraft:leather_leggings":1,"luminousworld:blue_petunias":3,"luminousworld:decorative_brown_2":1},"minecraft:killed_by":{"iceandfire:fire_dragon":3},"minecraft:crafted":{"minecraft:crafting_table":1,"minecraft:wooden_pickaxe":1,"ecologics:walnut_planks":12,"minecraft:stone_axe":1,"minecraft:bread":12,"minecraft:stick":20,"minecraft:stone_pickaxe":1,"minecraft:wooden_axe":1,"minecraft:stone_sword":1}},"DataVersion":3465}