{"stats":{"minecraft:used":{"minecraft:wooden_axe":16,"minecraft:leather_leggings":1,"minecraft:bread":9,"minecraft:stone_pickaxe":40,"minecraft:wooden_pickaxe":9,"minecraft:leather_chestplate":1,"minecraft:stone_axe":8,"minecraft:dirt":15,"minecraft:crafting_table":2,"minecraft:white_bed":3,"alexsmobs:animal_dictionary":1},"minecraft:picked_up":{"minecraft:raw_iron":5,"ecologics:walnut":1,"minecraft:crafting_table":2,"minecraft:wheat":1,"luminousworld:blue_petunias":3,"ecologics:walnut_log":7,"minecraft:stone_button":2,"minecraft:diorite":5,"minecraft:white_bed":4,"minecraft:spruce_log":5,"minecraft:dirt":31,"minecraft:item_frame":1,"minecraft:experience_bottle":1,"minecraft:wheat_seeds":5,"minecraft:emerald":2,"minecraft:coal":19,"minecraft:cobblestone":19,"minecraft:egg":1},"minecraft:mined":{"minecraft:white_bed":4,"minecraft:iron_ore":5,"minecraft:wheat":1,"luminousworld:blue_petunias":3,"minecraft:spruce_log":5,"minecraft:crafting_table":2,"minecraft:grass":2,"minecraft:grass_block":9,"minecraft:coal_ore":19,"ecologics:walnut_leaves":3,"minecraft:dirt":20,"minecraft:spruce_leaves":2,"ecologics:walnut_log":7,"minecraft:stone":19,"minecraft:diorite":5,"minecraft:cake":1},"minecraft:custom":{"minecraft:time_since_rest":203,"minecraft:sprint_one_cm":135497,"minecraft:damage_taken":456,"minecraft:walk_one_cm":80960,"minecraft:damage_dealt":16,"minecraft:swim_one_cm":27164,"minecraft:interact_with_crafting_table":7,"minecraft:fly_one_cm":159639,"minecraft:open_chest":2,"minecraft:crouch_one_cm":647,"minecraft:play_time":28877,"minecraft:deaths":1,"minecraft:sneak_time":264,"minecraft:walk_under_water_one_cm":3725,"minecraft:jump":741,"minecraft:walk_on_water_one_cm":6215,"minecraft:time_since_death":20201,"minecraft:sleep_in_bed":2,"minecraft:climb_one_cm":564,"minecraft:total_world_time":28877,"minecraft:fall_one_cm":17766},"minecraft:killed_by":{"iceandfire:fire_dragon":1},"minecraft:crafted":{"minecraft:crafting_table":1,"minecraft:stick":20,"minecraft:wooden_pickaxe":1,"ecologics:walnut_planks":12,"minecraft:stone_pickaxe":1,"minecraft:wooden_axe":1,"minecraft:stone_sword":1,"minecraft:stone_axe":1,"minecraft:bread":12}},"DataVersion":3465}