{"stats":{"minecraft:dropped":{"luckytntmod:silk_touch_tnt":1,"minecraft:wheat_seeds":3,"luckytntmod:item_firework":1,"luckytntmod:disaster_clearer":1},"minecraft:mined":{"minecraft:grass":9,"minecraft:sunflower":3},"minecraft:killed":{"minecraft:sheep":12,"minecraft:horse":3,"minecraft:skeleton":9,"minecraft:zombie":17,"minecraft:pig":4,"minecraft:chicken":9,"minecraft:spider":8,"minecraft:drowned":2,"minecraft:bat":4,"minecraft:dolphin":6,"minecraft:creeper":18,"minecraft:squid":10,"minecraft:enderman":4,"minecraft:cow":8},"minecraft:picked_up":{"minecraft:yellow_concrete":1,"luckytntmod:red_candy":3,"minecraft:orange_concrete":1,"luckytntmod:green_candy":3,"luckytntmod:purple_candy":1,"minecraft:wheat_seeds":6,"minecraft:cherry_sapling":1,"minecraft:sunflower":10},"minecraft:custom":{"minecraft:time_since_rest":38770,"minecraft:sprint_one_cm":3857,"minecraft:walk_one_cm":14045,"minecraft:mob_kills":147,"minecraft:drop":4,"minecraft:damage_dealt":52,"minecraft:fly_one_cm":495849,"minecraft:crouch_one_cm":1270,"minecraft:play_time":38770,"minecraft:sneak_time":1057,"minecraft:walk_under_water_one_cm":2074,"minecraft:jump":157,"minecraft:leave_game":2,"minecraft:walk_on_water_one_cm":4213,"minecraft:time_since_death":38770,"minecraft:total_world_time":38770,"minecraft:fall_one_cm":209},"minecraft:used":{"luckytntmod:honey_tnt":2,"luckytntmod:eating_tnt":1,"luckytntmod:stone_cold":1,"luckytntmod:xray_tnt":1,"luckytntmod:item_firework":1,"luckytntmod:firestorm_tnt":1,"luckytntmod:giant_tnt":1,"luckytntmod:custom_tnt":1,"minecraft:flint_and_steel":21,"luckytntmod:helix":2,"minecraft:sunflower":3,"minecraft:lantern":15,"luckytntmod:sinkhole_tnt":1,"luckytntmod:say_goodbye":1,"luckytntmod:phobos":2,"luckytntmod:death_ray":2,"luckytntmod:cannon_tnt":1,"luckytntmod:fluorine_tnt":1,"luckytntmod:silk_touch_tnt":1,"luckytntmod:pumpkin_bomb":2,"luckytntmod:tnt_rain":1,"luckytntmod:disaster_clearer":2}},"DataVersion":3465}