{"stats":{"minecraft:used":{"minecraft:wooden_axe":10,"minecraft:leather_leggings":1,"minecraft:bread":5,"minecraft:wooden_pickaxe":9,"minecraft:leather_chestplate":1,"minecraft:dirt":15,"minecraft:crafting_table":2,"minecraft:white_bed":2,"alexsmobs:animal_dictionary":1},"minecraft:picked_up":{"minecraft:crafting_table":1,"minecraft:wheat":1,"luminousworld:blue_petunias":3,"ecologics:walnut_log":3,"minecraft:stone_button":2,"minecraft:white_bed":3,"minecraft:dirt":28,"minecraft:item_frame":1,"minecraft:experience_bottle":1,"minecraft:wheat_seeds":4,"minecraft:emerald":2,"minecraft:cobblestone":8},"minecraft:mined":{"minecraft:white_bed":3,"minecraft:wheat":1,"luminousworld:blue_petunias":3,"minecraft:crafting_table":1,"minecraft:grass":2,"minecraft:grass_block":9,"ecologics:walnut_leaves":2,"minecraft:dirt":19,"ecologics:walnut_log":3,"minecraft:stone":8,"minecraft:cake":1},"minecraft:custom":{"minecraft:time_since_rest":2204,"minecraft:sprint_one_cm":69772,"minecraft:damage_taken":448,"minecraft:walk_one_cm":40473,"minecraft:damage_dealt":16,"minecraft:swim_one_cm":27164,"minecraft:interact_with_crafting_table":5,"minecraft:fly_one_cm":73589,"minecraft:open_chest":2,"minecraft:crouch_one_cm":513,"minecraft:play_time":16877,"minecraft:deaths":1,"minecraft:sneak_time":250,"minecraft:walk_under_water_one_cm":3725,"minecraft:jump":357,"minecraft:walk_on_water_one_cm":6063,"minecraft:time_since_death":8201,"minecraft:sleep_in_bed":1,"minecraft:climb_one_cm":564,"minecraft:total_world_time":16877,"minecraft:fall_one_cm":6256},"minecraft:killed_by":{"iceandfire:fire_dragon":1},"minecraft:crafted":{"minecraft:crafting_table":1,"minecraft:stick":4,"minecraft:wooden_pickaxe":1,"ecologics:walnut_planks":12,"minecraft:wooden_axe":1,"minecraft:bread":12}},"DataVersion":3465}