{"stats":{"minecraft:used":{"minecraft:cooked_mutton":2,"minecraft:leather_leggings":1,"minecraft:stone_sword":99,"minecraft:stone_pickaxe":76,"minecraft:leather_chestplate":1,"minecraft:wooden_pickaxe":9,"minecraft:iron_sword":141,"minecraft:dirt":15,"minecraft:crafting_table":4,"minecraft:white_bed":8,"minecraft:black_bed":5,"minecraft:wooden_axe":16,"minecraft:bread":20,"minecraft:stone_axe":73,"minecraft:cobblestone":7,"minecraft:oak_boat":1,"alexsmobs:animal_dictionary":1,"minecraft:cooked_beef":4},"minecraft:picked_up":{"luminousworld:groundpebbles_1":1,"minecraft:crafting_table":4,"ecologics:walnut":1,"minecraft:wheat":1,"minecraft:salmon":3,"minecraft:black_bed":6,"minecraft:cooked_beef":4,"luminousworld:decorative_brown_2":1,"minecraft:leather":1,"minecraft:brown_mushroom":1,"minecraft:cooked_rabbit":1,"minecraft:flint":1,"minecraft:oak_log":14,"tombstone:grave_key":1,"minecraft:string":41,"minecraft:dirt":35,"naturalist:bass":4,"born_in_chaos_v1:marigolds":1,"minecraft:cooked_mutton":7,"minecraft:item_frame":4,"minecraft:zombie_head":1,"minecraft:experience_bottle":3,"minecraft:wheat_seeds":13,"minecraft:rabbit_hide":2,"minecraft:beef":1,"minecraft:oak_boat":1,"minecraft:sugar_cane":7,"minecraft:egg":1,"minecraft:raw_iron":15,"luminousworld:spuds":1,"luminousworld:blue_petunias":6,"ecologics:walnut_log":7,"minecraft:oak_fence":1,"sophisticatedbackpacks:backpack":1,"minecraft:porkchop":3,"minecraft:sand":6,"minecraft:carrot":1,"sophisticatedbackpacks:iron_backpack":1,"minecraft:stone_button":2,"minecraft:diorite":5,"minecraft:white_bed":8,"minecraft:spruce_log":5,"alexsmobs:animal_dictionary":1,"minecraft:rabbit_foot":1,"minecraft:spruce_fence_gate":1,"luminousworld:grassflowers":1,"luminousworld:decorative_brown_mushroom_1":2,"minecraft:rotten_flesh":6,"minecraft:pumpkin_pie":2,"minecraft:hay_block":41,"minecraft:emerald":3,"minecraft:coal":19,"minecraft:skeleton_skull":1,"minecraft:cobblestone":32},"minecraft:mined":{"minecraft:white_bed":7,"minecraft:brown_mushroom":1,"iceandfire:silver_ore":2,"born_in_chaos_v1:marigolds":1,"luminousworld:purple_petunias":1,"luminousworld:blue_petunias":3,"luminousworld:mossbuds_1":1,"minecraft:oak_fence":3,"minecraft:crafting_table":4,"luminousworld:mossbuds_2":2,"minecraft:grass_block":10,"ecologics:walnut_leaves":3,"luminousworld:spuds":1,"luminousworld:grassvariant_2":5,"minecraft:tall_grass":3,"luminousworld:decorative_brown_mushroom_1":4,"minecraft:cobblestone":1,"minecraft:spruce_leaves":2,"minecraft:sugar_cane":4,"minecraft:diorite":5,"minecraft:skeleton_skull":1,"minecraft:tall_seagrass":1,"minecraft:hay_block":41,"minecraft:smooth_stone":1,"minecraft:iron_ore":14,"minecraft:wheat":1,"minecraft:andesite":1,"minecraft:spruce_log":5,"born_in_chaos_v1:river_mint":1,"minecraft:black_bed":6,"minecraft:oak_log":14,"minecraft:grass":19,"minecraft:coal_ore":19,"minecraft:sand":3,"minecraft:iron_bars":5,"minecraft:zombie_head":1,"minecraft:dirt":20,"minecraft:cobweb":30,"luminousworld:grassvariant_3":2,"minecraft:spruce_fence_gate":1,"ecologics:walnut_log":7,"minecraft:stone":33,"luminousworld:decorative_brown_2":1,"minecraft:cake":1},"minecraft:killed":{"friendsandfoes:copper_golem":1,"minecraft:pig":1,"earthmobsmod:jumbo_rabbit":1,"minecraft:salmon":4,"undead_revamp2:the_moonflower":1,"enemyexpansion:sprinter":1,"luminousworld:trout_fish":1,"minecraft:zombie":1,"naturalist:bass":4,"minecraft:cow":1},"minecraft:custom":{"minecraft:interact_with_furnace":1,"minecraft:mob_kills":16,"minecraft:interact_with_crafting_table":9,"minecraft:damage_dealt_resisted":67,"minecraft:time_since_death":15104,"minecraft:sleep_in_bed":7,"minecraft:climb_one_cm":3245,"minecraft:time_since_rest":7832,"minecraft:sprint_one_cm":447778,"minecraft:damage_taken":2060,"minecraft:walk_one_cm":340830,"minecraft:drop":47,"minecraft:damage_dealt":2457,"minecraft:talked_to_villager":1,"minecraft:swim_one_cm":77049,"minecraft:fly_one_cm":381371,"minecraft:open_chest":10,"minecraft:crouch_one_cm":1655,"minecraft:play_time":106877,"tombstone:undead_killed":3,"minecraft:deaths":5,"minecraft:sneak_time":721,"minecraft:walk_under_water_one_cm":11597,"minecraft:boat_one_cm":38295,"minecraft:jump":1814,"minecraft:walk_on_water_one_cm":22989,"minecraft:total_world_time":106877,"minecraft:fall_one_cm":44896},"minecraft:dropped":{"minecraft:wheat_seeds":7,"minecraft:stone_sword":1,"alexsmobs:animal_dictionary":1,"luminousworld:spuds":1,"minecraft:rotten_flesh":5,"sophisticatedbackpacks:backpack":1,"minecraft:stick":11,"minecraft:dirt":18,"luminousworld:grassflowers":1,"minecraft:diorite":5,"tombstone:grave_key":2,"luminousworld:groundpebbles_1":1,"minecraft:wooden_axe":1,"minecraft:leather_leggings":1,"luminousworld:blue_petunias":3,"minecraft:wooden_pickaxe":1,"born_in_chaos_v1:marigolds":1,"minecraft:string":22,"luminousworld:decorative_brown_2":1},"minecraft:killed_by":{"undead_revamp2:clogger":1,"iceandfire:fire_dragon":3},"minecraft:crafted":{"minecraft:wooden_shovel":1,"minecraft:oak_planks":56,"minecraft:crafting_table":1,"minecraft:wooden_pickaxe":1,"ecologics:walnut_planks":12,"minecraft:stone_axe":1,"minecraft:bread":78,"minecraft:oak_boat":1,"minecraft:stick":24,"minecraft:stone_pickaxe":1,"minecraft:wooden_axe":1,"minecraft:stone_sword":1,"minecraft:wheat":369}},"DataVersion":3465}