{"stats":{"minecraft:killed":{"earthmobsmod:jumbo_rabbit":1,"born_in_chaos_v1:zombie_lumberjack":1,"minecraft:spider":1,"minecraft:skeleton":3,"minecraft:pig":1,"minecraft:zombie_villager":2,"minecraft:salmon":4,"earthmobsmod:lobber_zombie":1,"luminousworld:trout_fish":1,"minecraft:zombie":5,"born_in_chaos_v1:dread_hound":1,"enemyexpansion:botfly":4,"born_in_chaos_v1:siamese_skeletonsleft":1,"minecraft:cow":1,"undead_revamp2:theimmortal":2,"enemyexpansion:vampbiter":1,"enemyexpansion:intruder":1,"alexsmobs:seagull":1,"enemyexpansion:direwolf":4,"born_in_chaos_v1:maggot":2,"enemyexpansion:silverqueen":1,"naturalist:bass":4,"friendsandfoes:copper_golem":1,"minecraft:husk":1,"undead_revamp2:the_moonflower":1,"enemyexpansion:sprinter":1,"born_in_chaos_v1:decrepit_skeleton":1,"minecraft:wither_skeleton":2},"minecraft:crafted":{"minecraft:oak_planks":72,"ecologics:walnut_planks":12,"minecraft:glass":7,"minecraft:iron_boots":1,"minecraft:wooden_shovel":1,"minecraft:crafting_table":2,"minecraft:wooden_pickaxe":1,"minecraft:iron_helmet":2,"minecraft:birch_planks":56,"minecraft:iron_chestplate":1,"quark:oak_chest":4,"minecraft:stick":40,"minecraft:iron_ingot":29,"minecraft:iron_pickaxe":1,"minecraft:stone_sword":1,"minecraft:oak_door":3,"minecraft:furnace":1,"minecraft:iron_axe":1,"minecraft:stone_pickaxe":1,"minecraft:wheat":369,"minecraft:iron_sword":2,"iceandfire:pixie_jar_empty":1,"minecraft:stone_axe":1,"minecraft:bread":114,"minecraft:air":0,"minecraft:oak_boat":1,"minecraft:wooden_axe":1,"minecraft:iron_leggings":1,"minecraft:acacia_planks":32,"minecraft:torch":32},"minecraft:used":{"minecraft:iron_shovel":177,"minecraft:iron_sword":638,"minecraft:cocoa_beans":4,"quark:deepslate_furnace":1,"luminousworld:white_oak_sapling":1,"minecraft:furnace":1,"minecraft:egg":1,"iceandfire:pixie_jar_empty":1,"minecraft:diorite":3,"minecraft:leather_leggings":1,"minecraft:stone_pickaxe":79,"minecraft:oak_planks":35,"minecraft:wooden_pickaxe":9,"minecraft:leather_chestplate":1,"minecraft:diamond_axe":6,"minecraft:golden_apple":2,"minecraft:black_bed":7,"minecraft:bread":103,"minecraft:cyan_bed":1,"minecraft:andesite":6,"minecraft:oak_boat":1,"minecraft:experience_bottle":3,"iceandfire:silver_sword":274,"minecraft:stone_sword":99,"minecraft:oak_door":3,"minecraft:torch":81,"minecraft:dirt":140,"minecraft:anvil":1,"minecraft:granite":1,"minecraft:dark_oak_planks":2,"minecraft:wooden_axe":16,"minecraft:iron_axe":108,"minecraft:jungle_log":1,"tombstone:gift":2,"minecraft:cooked_beef":4,"minecraft:cobbled_deepslate":2,"minecraft:acacia_planks":38,"minecraft:cooked_mutton":6,"minecraft:birch_planks":49,"minecraft:bundle":3,"luminousworld:ishstone":17,"minecraft:mossy_cobblestone":7,"minecraft:crafting_table":6,"minecraft:white_bed":15,"tombstone:bag_of_seeds":2,"minecraft:iron_pickaxe":403,"minecraft:stone_axe":73,"minecraft:cobblestone":118,"quark:oak_chest":6,"alexsmobs:animal_dictionary":1},"minecraft:mined":{"luminousworld:white_petunias":1,"minecraft:dark_oak_planks":3,"minecraft:waxed_cut_copper_slab":2,"minecraft:spruce_planks":11,"minecraft:white_bed":13,"minecraft:black_terracotta":4,"alexsmobs:leafcutter_anthill":1,"minecraft:jungle_leaves":1,"minecraft:granite":14,"minecraft:grass_block":142,"minecraft:jungle_log":1,"minecraft:mud_brick_wall":1,"minecraft:mud_bricks":4,"minecraft:smooth_stone":1,"minecraft:tall_seagrass":1,"minecraft:dark_oak_trapdoor":1,"minecraft:iron_ore":27,"minecraft:fire":1,"minecraft:deepslate_lapis_ore":2,"minecraft:anvil":1,"minecraft:cave_vines":2,"minecraft:iron_bars":5,"ecologics:walnut_log":7,"luminousworld:decorative_brown_2":1,"minecraft:waxed_cut_copper":4,"minecraft:waxed_cut_copper_stairs":1,"minecraft:deepslate_redstone_ore":1,"minecraft:blue_wall_banner":2,"minecraft:brown_mushroom":1,"luminousworld:purple_petunias":1,"minecraft:clay":1,"minecraft:torch":1,"minecraft:melon":5,"luminousworld:spuds":1,"supplementaries:wild_flax":1,"iceandfire:fire_lily":1,"minecraft:cobblestone":20,"minecraft:sugar_cane":4,"minecraft:oak_planks":24,"minecraft:light_blue_banner":1,"minecraft:wall_torch":2,"minecraft:amethyst_block":1,"minecraft:skeleton_skull":1,"minecraft:birch_log":15,"minecraft:wheat":1,"born_in_chaos_v1:river_mint":1,"minecraft:black_bed":7,"minecraft:grass":59,"minecraft:oak_log":14,"minecraft:sand":16,"minecraft:dirt":40,"luminousworld:grassvariant_3":4,"minecraft:oak_leaves":10,"minecraft:deepslate":8,"iceandfire:lightning_lily":4,"minecraft:tuff":2,"minecraft:yellow_wall_banner":1,"iceandfire:silver_ore":2,"minecraft:mossy_cobblestone":7,"luminousworld:grassvariant_4":9,"minecraft:oak_door":1,"luminousworld:blue_petunias":3,"minecraft:purple_candle":1,"luminousworld:mossbuds_1":1,"born_in_chaos_v1:infected_diamond_ore":1,"luminousworld:mossbuds_2":2,"luminousworld:grassvariant_2":5,"luminousworld:decorative_brown_mushroom_1":4,"minecraft:spruce_leaves":38,"minecraft:moss_block":2,"minecraft:sandstone":2,"minecraft:hay_block":41,"luminousworld:sunset_petunias":1,"minecraft:waxed_oxidized_cut_copper":3,"minecraft:furnace":1,"minecraft:packed_mud":4,"luminousworld:yellow_grassflowers":1,"minecraft:acacia_trapdoor":1,"minecraft:andesite":11,"minecraft:deepslate_iron_ore":26,"minecraft:vine":12,"minecraft:warped_trapdoor":2,"minecraft:bamboo":1,"minecraft:stone":190,"minecraft:bone_block":13,"minecraft:cake":1,"iceandfire:pixie_jar_empty":1,"minecraft:flowering_azalea":1,"born_in_chaos_v1:marigolds":1,"quark:oak_chest":2,"minecraft:oak_fence":3,"minecraft:crafting_table":5,"luminousworld:savannah_grass_1":1,"ecologics:walnut_leaves":3,"minecraft:rose_bush":1,"minecraft:campfire":1,"minecraft:tall_grass":3,"minecraft:lapis_ore":3,"minecraft:diorite":22,"supplementaries:urn":14,"minecraft:birch_planks":5,"minecraft:sea_pickle":1,"minecraft:spruce_log":5,"minecraft:coal_ore":44,"luminousworld:ishstone":28,"minecraft:cocoa":5,"minecraft:zombie_head":1,"minecraft:cobweb":31,"minecraft:acacia_planks":9,"minecraft:stripped_acacia_wood":8,"minecraft:spruce_fence_gate":1,"minecraft:fern":3,"minecraft:infested_stone":2},"minecraft:picked_up":{"minecraft:wheat":1,"minecraft:anvil":1,"tombstone:grave_key":1,"minecraft:amethyst_block":1,"minecraft:string":44,"minecraft:dark_oak_trapdoor":1,"minecraft:waxed_cut_copper_slab":1,"minecraft:zombie_head":1,"minecraft:experience_bottle":3,"minecraft:sea_pickle":3,"minecraft:gold_nugget":15,"minecraft:cobbled_deepslate":25,"minecraft:spruce_planks":18,"minecraft:iron_pickaxe":2,"minecraft:melon_slice":24,"minecraft:mangrove_log":2,"minecraft:furnace":1,"minecraft:stick":2,"ecologics:walnut_log":7,"minecraft:oak_fence":1,"minecraft:torch":15,"iceandfire:silver_ore":2,"minecraft:porkchop":3,"tombstone:grave_dust":3,"minecraft:diorite":22,"minecraft:vine":1,"minecraft:rabbit_foot":1,"minecraft:waxed_cut_copper_stairs":1,"minecraft:yellow_banner":1,"iceandfire:lightning_lily":4,"luminousworld:grassflowers":1,"minecraft:rotten_flesh":57,"luminousworld:yellow_grassflowers":1,"supplementaries:ash":31,"minecraft:waxed_cut_copper":3,"undead_revamp2:arapholia":1,"minecraft:cobblestone":200,"minecraft:birch_log":14,"ecologics:walnut":1,"minecraft:cooked_beef":4,"minecraft:andesite":9,"minecraft:jungle_log":1,"minecraft:black_bed":7,"minecraft:flint":1,"minecraft:tuff":4,"supplementaries:flax_seeds":1,"minecraft:lapis_lazuli":33,"minecraft:dirt":187,"born_in_chaos_v1:marigolds":1,"minecraft:bone":21,"minecraft:acacia_planks":6,"minecraft:bow":1,"minecraft:wheat_seeds":16,"minecraft:rabbit":1,"minecraft:bamboo":6,"minecraft:oak_planks":24,"minecraft:black_terracotta":5,"minecraft:stripped_acacia_wood":8,"minecraft:poisonous_potato":1,"minecraft:sand":18,"sophisticatedbackpacks:iron_backpack":1,"minecraft:cyan_bed":1,"alexsmobs:animal_dictionary":1,"minecraft:mossy_cobblestone":7,"minecraft:bundle":9,"minecraft:spruce_fence_gate":1,"minecraft:granite":14,"minecraft:emerald":16,"minecraft:bread":2,"minecraft:blue_banner":2,"minecraft:oak_sapling":1,"minecraft:dark_oak_fence":1,"minecraft:cocoa_beans":13,"luminousworld:groundpebbles_1":3,"minecraft:charcoal":2,"minecraft:waxed_oxidized_cut_copper":3,"minecraft:crafting_table":5,"luminousworld:decorative_brown_2":1,"iceandfire:witherbone":2,"minecraft:clay_ball":4,"born_in_chaos_v1:seedof_chaos":2,"iceandfire:fire_lily":1,"minecraft:brown_mushroom":1,"minecraft:cooked_rabbit":1,"minecraft:item_frame":4,"minecraft:beef":1,"iceandfire:armor_silver_metal_leggings":1,"minecraft:oak_boat":1,"minecraft:iron_nugget":22,"minecraft:spruce_slab":1,"minecraft:sugar_cane":7,"minecraft:birch_sapling":2,"minecraft:egg":2,"minecraft:raw_iron":54,"minecraft:sandstone":2,"luminousworld:spuds":1,"luminousworld:blue_petunias":6,"minecraft:oak_door":1,"ecologics:coconut_slice":2,"sophisticatedbackpacks:backpack":1,"minecraft:spruce_fence":5,"quark:deepslate_furnace":1,"minecraft:cake":1,"minecraft:stone_button":3,"born_in_chaos_v1:pieceofdarkmetal":6,"minecraft:carrot":1,"minecraft:redstone":5,"minecraft:mangrove_trapdoor":2,"minecraft:dark_oak_planks":4,"luminousworld:white_oak_sapling":1,"minecraft:purple_candle":3,"luminousworld:decorative_brown_mushroom_1":2,"minecraft:arrow":11,"minecraft:pumpkin_pie":2,"minecraft:hay_block":41,"minecraft:glow_berries":8,"minecraft:rail":4,"minecraft:skeleton_skull":1,"minecraft:bone_block":12,"born_in_chaos_v1:fused_bone":1,"minecraft:mud_bricks":4,"minecraft:clock":1,"born_in_chaos_v1:monster_flesh":1,"minecraft:salmon":3,"luminousworld:ishstone":24,"minecraft:leather":1,"minecraft:birch_planks":4,"minecraft:packed_mud":3,"minecraft:oak_log":24,"minecraft:chainmail_chestplate":1,"minecraft:gunpowder":3,"naturalist:bass":4,"minecraft:cooked_mutton":7,"minecraft:light_blue_banner":1,"iceandfire:pixie_jar_empty":1,"minecraft:rabbit_hide":4,"minecraft:iron_ingot":7,"luminousworld:white_petunias":1,"minecraft:flowering_azalea":1,"minecraft:iron_sword":1,"luminousworld:sunset_petunias":1,"minecraft:spruce_sapling":4,"minecraft:mud_brick_wall":1,"minecraft:white_bed":15,"minecraft:spruce_log":5,"minecraft:gold_ore":6,"quark:oak_chest":2,"minecraft:diamond_axe":1,"tombstone:magic_scroll":3,"minecraft:coal":48},"minecraft:custom":{"minecraft:interact_with_crafting_table":40,"minecraft:open_barrel":15,"minecraft:leave_game":15,"minecraft:time_since_death":12875,"minecraft:sprint_one_cm":1389623,"minecraft:drop":97,"minecraft:play_noteblock":4,"minecraft:talked_to_villager":1,"minecraft:play_time":379636,"minecraft:deaths":24,"minecraft:jump":6022,"minecraft:walk_on_water_one_cm":84129,"minecraft:interact_with_furnace":38,"minecraft:sleep_in_bed":26,"minecraft:damage_dealt":15532,"minecraft:crouch_one_cm":14400,"tombstone:undead_killed":22,"minecraft:interact_with_smithing_table":2,"minecraft:interact_with_anvil":3,"minecraft:mob_kills":88,"minecraft:damage_dealt_resisted":129,"minecraft:climb_one_cm":29511,"minecraft:walk_one_cm":1055605,"minecraft:sneak_time":7582,"minecraft:walk_under_water_one_cm":30517,"minecraft:boat_one_cm":55260,"minecraft:total_world_time":379636,"minecraft:time_since_rest":824,"minecraft:damage_taken":10550,"minecraft:damage_absorbed":80,"minecraft:swim_one_cm":141470,"minecraft:fly_one_cm":949634,"minecraft:open_chest":78,"minecraft:fall_one_cm":137953},"minecraft:killed_by":{"undead_revamp2:theskeeper":1,"minecraft:wither_skeleton":1,"undead_revamp2:clogger":2,"minecraft:zombie":8,"enemyexpansion:vampflyer":1,"iceandfire:fire_dragon":3,"enemyexpansion:invisicreeper":1,"minecraft:husk":1,"minecraft:skeleton":1},"minecraft:dropped":{"minecraft:gold_ore":6,"minecraft:iron_sword":1,"minecraft:birch_planks":1,"minecraft:lapis_lazuli":1,"luminousworld:spuds":1,"born_in_chaos_v1:pieceofdarkmetal":3,"minecraft:rail":2,"minecraft:dirt":40,"minecraft:sand":3,"minecraft:iron_pickaxe":2,"luminousworld:decorative_brown_2":1,"minecraft:waxed_cut_copper_slab":1,"minecraft:stone_axe":1,"alexsmobs:animal_dictionary":1,"minecraft:cobbled_deepslate":14,"minecraft:rotten_flesh":36,"supplementaries:flax_seeds":6,"minecraft:leather_chestplate":1,"luminousworld:grassflowers":1,"born_in_chaos_v1:seedof_chaos":1,"minecraft:leather_leggings":1,"born_in_chaos_v1:marigolds":1,"minecraft:bread":1,"minecraft:vine":1,"luminousworld:sunset_petunias":1,"minecraft:wheat_seeds":9,"luminousworld:ishstone":3,"minecraft:oak_fence":1,"minecraft:coal":2,"minecraft:golden_apple":3,"minecraft:stick":11,"minecraft:spruce_fence_gate":1,"minecraft:diorite":5,"tombstone:magic_scroll":1,"tombstone:grave_key":2,"minecraft:wooden_axe":1,"minecraft:string":22,"minecraft:stone_sword":1,"sophisticatedbackpacks:backpack":1,"minecraft:bundle":5,"luminousworld:groundpebbles_1":1,"minecraft:andesite":3,"luminousworld:blue_petunias":3,"minecraft:stone_pickaxe":1,"minecraft:wooden_pickaxe":1},"minecraft:broken":{"minecraft:iron_sword":2,"minecraft:iron_pickaxe":1,"minecraft:iron_helmet":1}},"DataVersion":3465}