{"stats":{"minecraft:dropped":{"luckytntmod:silk_touch_tnt":1,"minecraft:wheat_seeds":3,"luckytntmod:item_firework":1,"luckytntmod:disaster_clearer":1},"minecraft:mined":{"minecraft:grass":9,"minecraft:sunflower":3},"minecraft:killed":{"minecraft:sheep":12,"minecraft:horse":3,"minecraft:skeleton":8,"minecraft:zombie":14,"minecraft:pig":4,"minecraft:chicken":8,"minecraft:spider":8,"minecraft:bat":3,"minecraft:drowned":2,"minecraft:dolphin":6,"minecraft:creeper":17,"minecraft:squid":10,"minecraft:enderman":4,"minecraft:cow":8},"minecraft:picked_up":{"minecraft:yellow_concrete":1,"minecraft:orange_concrete":1,"minecraft:wheat_seeds":3,"minecraft:sunflower":10},"minecraft:custom":{"minecraft:time_since_rest":16116,"minecraft:walk_one_cm":3298,"minecraft:mob_kills":108,"minecraft:drop":4,"minecraft:damage_dealt":52,"minecraft:fly_one_cm":131667,"minecraft:crouch_one_cm":717,"minecraft:play_time":16116,"minecraft:sneak_time":472,"minecraft:walk_under_water_one_cm":2074,"minecraft:jump":51,"minecraft:time_since_death":16116,"minecraft:walk_on_water_one_cm":769,"minecraft:total_world_time":16116,"minecraft:fall_one_cm":209},"minecraft:used":{"luckytntmod:giant_tnt":1,"luckytntmod:item_firework":1,"minecraft:flint_and_steel":8,"luckytntmod:helix":2,"minecraft:sunflower":3,"luckytntmod:sinkhole_tnt":1,"luckytntmod:death_ray":2,"luckytntmod:fluorine_tnt":1,"luckytntmod:silk_touch_tnt":1,"luckytntmod:disaster_clearer":2}},"DataVersion":3465}