{"stats":{"minecraft:dropped":{"minecraft:wheat_seeds":3,"luckytntmod:item_firework":1,"luckytntmod:disaster_clearer":1,"luckytntmod:silk_touch_tnt":1,"minecraft:cherry_trapdoor":1,"minecraft:bone_meal":1},"minecraft:mined":{"minecraft:grass":9,"minecraft:sunflower":3},"minecraft:killed":{"minecraft:pig":6,"minecraft:rabbit":2,"minecraft:spider":18,"minecraft:bat":57,"minecraft:cod":184,"minecraft:dolphin":8,"minecraft:slime":1,"minecraft:creeper":39,"minecraft:squid":20,"minecraft:sheep":13,"minecraft:horse":3,"minecraft:skeleton":23,"minecraft:zombie":37,"minecraft:chicken":9,"minecraft:drowned":7,"minecraft:glow_squid":12,"minecraft:enderman":4,"minecraft:cow":8},"minecraft:picked_up":{"minecraft:pink_petals":36,"minecraft:lily_pad":1,"minecraft:orange_concrete":1,"minecraft:wheat_seeds":6,"minecraft:spore_blossom":10,"minecraft:poppy":1,"minecraft:stick":5,"minecraft:yellow_concrete":1,"minecraft:gravel":1,"luckytntmod:red_candy":4,"minecraft:stone_button":4,"luckytntmod:green_candy":3,"luckytntmod:purple_candy":1,"minecraft:cherry_sapling":6,"minecraft:magenta_concrete":1,"minecraft:ender_pearl":1,"minecraft:sunflower":10},"minecraft:custom":{"minecraft:mob_kills":529,"minecraft:leave_game":6,"minecraft:time_since_death":9442,"minecraft:sleep_in_bed":1,"minecraft:time_since_rest":9470,"minecraft:sprint_one_cm":12027,"minecraft:damage_taken":570,"minecraft:walk_one_cm":182823,"minecraft:drop":6,"minecraft:damage_dealt":247,"minecraft:fly_one_cm":833197,"minecraft:crouch_one_cm":3079,"minecraft:play_time":135160,"minecraft:deaths":2,"minecraft:sneak_time":2566,"minecraft:walk_under_water_one_cm":16229,"minecraft:jump":570,"minecraft:walk_on_water_one_cm":11372,"minecraft:total_world_time":135160,"minecraft:fall_one_cm":6388},"minecraft:used":{"minecraft:brain_coral_block":8,"luckytntmod:eating_tnt":1,"luckytntmod:stone_cold":1,"minecraft:moss_block":9,"luckytntmod:xray_tnt":1,"minecraft:chiseled_bookshelf":3,"minecraft:water_bucket":25,"minecraft:tube_coral_block":2,"luckytntmod:item_firework":1,"luckytntmod:giant_tnt":1,"minecraft:flint_and_steel":42,"luckytntmod:helix":2,"luckytntmod:custom_tnt":1,"minecraft:redstone":44,"minecraft:cherry_planks":3,"minecraft:redstone_block":19,"luckytntmod:plantation_tnt":1,"minecraft:magenta_stained_glass":7,"minecraft:bell":1,"minecraft:calibrated_sculk_sensor":1,"minecraft:pink_concrete":44,"luckytntmod:new_years_firework":2,"luckytntmod:death_ray":2,"luckytntmod:russian_roulette":1,"luckytntmod:ghost_tnt":1,"luckytntmod:cannon_tnt":1,"luckytntmod:troll_tnt_mk2":2,"minecraft:magenta_bed":1,"luckytntmod:mansion":2,"luckytntmod:fluorine_tnt":3,"minecraft:painting":7,"minecraft:pink_carpet":1,"minecraft:axolotl_bucket":4,"luckytntmod:city_firework":1,"minecraft:spruce_log":5,"luckytntmod:colossal_tnt":1,"luckytntmod:disaster_clearer":2,"minecraft:amethyst_cluster":3,"minecraft:redstone_torch":1,"minecraft:sticky_piston":8,"minecraft:sea_lantern":10,"luckytntmod:firestorm_tnt":1,"minecraft:sunflower":3,"luckytntmod:sinkhole_tnt":1,"minecraft:lantern":15,"minecraft:grass_block":490,"minecraft:brown_wool":33,"minecraft:stone_button":9,"minecraft:spore_blossom":20,"minecraft:magenta_concrete":80,"luckytntmod:say_goodbye":1,"minecraft:cherry_leaves":87,"luckytntmod:tnt_x20":1,"minecraft:pink_wool":22,"luckytntmod:phobos":2,"minecraft:pink_bed":2,"minecraft:glowstone":7,"minecraft:repeater":14,"minecraft:redstone_lamp":20,"minecraft:cherry_stairs":9,"minecraft:pitcher_plant":1,"minecraft:bubble_coral_block":61,"luckytntmod:acidic_tnt":1,"minecraft:chain":5,"minecraft:sea_pickle":2,"luckytntmod:pumpkin_bomb":2,"minecraft:purple_carpet":9,"luckytntmod:silk_touch_tnt":1,"minecraft:cherry_fence":6,"minecraft:cherry_log":72,"minecraft:bone_meal":184,"luckytntmod:tnt_rain":1,"luckytntmod:honey_tnt":2}},"DataVersion":3465}