{"stats":{"minecraft:used":{"minecraft:leather_leggings":1,"minecraft:leather_chestplate":1},"minecraft:picked_up":{"minecraft:wheat":1,"minecraft:item_frame":1,"minecraft:experience_bottle":1,"luminousworld:blue_petunias":3,"minecraft:wheat_seeds":3,"minecraft:emerald":2},"minecraft:mined":{"minecraft:grass":1,"minecraft:white_bed":1,"minecraft:wheat":1,"luminousworld:blue_petunias":3,"minecraft:cake":1},"minecraft:custom":{"minecraft:open_chest":2,"minecraft:time_since_rest":4877,"minecraft:play_time":4877,"minecraft:crouch_one_cm":422,"minecraft:sprint_one_cm":20565,"minecraft:damage_taken":57,"minecraft:walk_one_cm":19905,"minecraft:sneak_time":89,"minecraft:walk_under_water_one_cm":63,"minecraft:jump":36,"minecraft:damage_dealt":0,"minecraft:time_since_death":4877,"minecraft:walk_on_water_one_cm":2138,"minecraft:total_world_time":4877,"minecraft:climb_one_cm":564,"minecraft:swim_one_cm":8693,"minecraft:fall_one_cm":964,"minecraft:fly_one_cm":7920}},"DataVersion":3465}