{"stats":{"minecraft:mined":{"minecraft:grass":9,"minecraft:sunflower":3},"minecraft:picked_up":{"minecraft:orange_concrete":1,"minecraft:yellow_concrete":1,"minecraft:wheat_seeds":2,"minecraft:sunflower":3},"minecraft:custom":{"minecraft:jump":46,"minecraft:time_since_rest":4116,"minecraft:damage_dealt":52,"minecraft:crouch_one_cm":502,"minecraft:play_time":4116,"minecraft:time_since_death":4116,"minecraft:walk_one_cm":2505,"minecraft:sneak_time":224,"minecraft:total_world_time":4116,"minecraft:fall_one_cm":209,"minecraft:fly_one_cm":4020},"minecraft:used":{"luckytntmod:item_firework":1,"minecraft:flint_and_steel":1,"minecraft:sunflower":3}},"DataVersion":3465}