{"stats":{"minecraft:used":{"minecraft:iron_shovel":39,"minecraft:stone_sword":99,"iceandfire:silver_sword":141,"minecraft:iron_sword":439,"minecraft:oak_door":3,"minecraft:torch":46,"minecraft:dirt":24,"minecraft:cocoa_beans":4,"minecraft:granite":1,"minecraft:wooden_axe":16,"quark:deepslate_furnace":1,"luminousworld:white_oak_sapling":1,"minecraft:iron_axe":64,"minecraft:jungle_log":1,"minecraft:furnace":1,"tombstone:gift":2,"minecraft:egg":1,"minecraft:cooked_beef":4,"minecraft:cobbled_deepslate":2,"iceandfire:pixie_jar_empty":1,"minecraft:cooked_mutton":6,"minecraft:diorite":3,"minecraft:leather_leggings":1,"minecraft:birch_planks":49,"minecraft:bundle":2,"minecraft:oak_planks":35,"minecraft:stone_pickaxe":79,"minecraft:wooden_pickaxe":9,"minecraft:leather_chestplate":1,"luminousworld:ishstone":17,"minecraft:mossy_cobblestone":7,"minecraft:crafting_table":5,"minecraft:white_bed":13,"minecraft:black_bed":6,"tombstone:bag_of_seeds":2,"minecraft:bread":73,"minecraft:iron_pickaxe":302,"minecraft:stone_axe":73,"minecraft:cobblestone":82,"quark:oak_chest":2,"minecraft:oak_boat":1,"alexsmobs:animal_dictionary":1},"minecraft:picked_up":{"minecraft:cocoa_beans":11,"luminousworld:groundpebbles_1":3,"minecraft:crafting_table":4,"minecraft:wheat":1,"luminousworld:decorative_brown_2":1,"minecraft:clay_ball":4,"iceandfire:fire_lily":1,"minecraft:brown_mushroom":1,"minecraft:cooked_rabbit":1,"tombstone:grave_key":1,"minecraft:string":44,"minecraft:item_frame":4,"minecraft:experience_bottle":3,"minecraft:zombie_head":1,"minecraft:gold_nugget":15,"minecraft:cobbled_deepslate":16,"minecraft:spruce_planks":6,"minecraft:beef":1,"iceandfire:armor_silver_metal_leggings":1,"minecraft:oak_boat":1,"minecraft:iron_pickaxe":2,"minecraft:melon_slice":24,"minecraft:sugar_cane":7,"minecraft:birch_sapling":1,"minecraft:mangrove_log":2,"minecraft:furnace":1,"minecraft:egg":2,"minecraft:raw_iron":54,"minecraft:stick":2,"minecraft:sandstone":2,"luminousworld:spuds":1,"luminousworld:blue_petunias":6,"minecraft:oak_door":1,"ecologics:walnut_log":7,"ecologics:coconut_slice":2,"minecraft:oak_fence":1,"minecraft:torch":15,"sophisticatedbackpacks:backpack":1,"minecraft:porkchop":3,"quark:deepslate_furnace":1,"minecraft:stone_button":2,"tombstone:grave_dust":2,"minecraft:diorite":22,"born_in_chaos_v1:pieceofdarkmetal":3,"minecraft:carrot":1,"minecraft:redstone":5,"minecraft:rabbit_foot":1,"luminousworld:white_oak_sapling":1,"iceandfire:lightning_lily":4,"luminousworld:decorative_brown_mushroom_1":2,"luminousworld:grassflowers":1,"minecraft:arrow":5,"minecraft:rotten_flesh":21,"luminousworld:yellow_grassflowers":1,"minecraft:pumpkin_pie":2,"minecraft:hay_block":41,"supplementaries:ash":17,"minecraft:bone_block":12,"minecraft:skeleton_skull":1,"minecraft:rail":1,"minecraft:cobblestone":164,"born_in_chaos_v1:fused_bone":1,"minecraft:birch_log":14,"ecologics:walnut":1,"minecraft:cooked_beef":4,"born_in_chaos_v1:monster_flesh":1,"minecraft:jungle_log":1,"minecraft:andesite":3,"minecraft:salmon":3,"minecraft:leather":1,"luminousworld:ishstone":21,"minecraft:black_bed":6,"minecraft:birch_planks":3,"minecraft:flint":1,"minecraft:tuff":4,"minecraft:oak_log":20,"minecraft:chainmail_chestplate":1,"supplementaries:flax_seeds":1,"minecraft:gunpowder":2,"minecraft:lapis_lazuli":32,"minecraft:dirt":71,"minecraft:cooked_mutton":7,"born_in_chaos_v1:marigolds":1,"naturalist:bass":4,"minecraft:bone":11,"iceandfire:pixie_jar_empty":1,"minecraft:bow":1,"minecraft:wheat_seeds":14,"minecraft:rabbit_hide":4,"minecraft:rabbit":1,"minecraft:bamboo":6,"luminousworld:white_petunias":1,"minecraft:iron_sword":1,"minecraft:oak_planks":24,"minecraft:poisonous_potato":1,"luminousworld:sunset_petunias":1,"minecraft:sand":18,"minecraft:spruce_sapling":2,"sophisticatedbackpacks:iron_backpack":1,"minecraft:cyan_bed":1,"minecraft:white_bed":13,"minecraft:spruce_log":5,"alexsmobs:animal_dictionary":1,"minecraft:mossy_cobblestone":7,"minecraft:bundle":5,"minecraft:spruce_fence_gate":1,"minecraft:granite":14,"minecraft:emerald":16,"minecraft:bread":2,"minecraft:dark_oak_fence":1,"tombstone:magic_scroll":2,"minecraft:oak_sapling":1,"minecraft:coal":39},"minecraft:broken":{"minecraft:iron_sword":1,"minecraft:iron_pickaxe":1},"minecraft:mined":{"luminousworld:white_petunias":1,"iceandfire:lightning_lily":4,"minecraft:tuff":2,"minecraft:white_bed":11,"iceandfire:silver_ore":2,"minecraft:mossy_cobblestone":7,"luminousworld:grassvariant_4":7,"minecraft:oak_door":1,"alexsmobs:leafcutter_anthill":1,"luminousworld:blue_petunias":3,"minecraft:jungle_leaves":1,"luminousworld:mossbuds_1":1,"born_in_chaos_v1:infected_diamond_ore":1,"minecraft:granite":14,"luminousworld:mossbuds_2":2,"minecraft:grass_block":30,"minecraft:jungle_log":1,"luminousworld:grassvariant_2":5,"luminousworld:decorative_brown_mushroom_1":4,"minecraft:spruce_leaves":2,"minecraft:sandstone":2,"minecraft:tall_seagrass":1,"minecraft:hay_block":41,"minecraft:smooth_stone":1,"luminousworld:sunset_petunias":1,"luminousworld:yellow_grassflowers":1,"minecraft:furnace":1,"minecraft:iron_ore":27,"minecraft:andesite":5,"minecraft:deepslate_lapis_ore":2,"minecraft:deepslate_iron_ore":26,"minecraft:vine":2,"minecraft:iron_bars":5,"ecologics:walnut_log":7,"minecraft:bamboo":1,"luminousworld:decorative_brown_2":1,"minecraft:stone":160,"minecraft:bone_block":13,"minecraft:cake":1,"iceandfire:pixie_jar_empty":1,"minecraft:deepslate_redstone_ore":1,"minecraft:brown_mushroom":1,"born_in_chaos_v1:marigolds":1,"luminousworld:purple_petunias":1,"minecraft:clay":1,"minecraft:oak_fence":3,"minecraft:crafting_table":4,"minecraft:torch":1,"luminousworld:savannah_grass_1":1,"ecologics:walnut_leaves":3,"minecraft:melon":5,"luminousworld:spuds":1,"iceandfire:fire_lily":1,"minecraft:tall_grass":3,"minecraft:cobblestone":11,"minecraft:lapis_ore":3,"minecraft:oak_planks":24,"minecraft:sugar_cane":4,"minecraft:wall_torch":2,"minecraft:diorite":22,"minecraft:skeleton_skull":1,"supplementaries:urn":10,"minecraft:birch_planks":4,"minecraft:birch_log":15,"minecraft:wheat":1,"minecraft:spruce_log":5,"born_in_chaos_v1:river_mint":1,"minecraft:black_bed":6,"minecraft:grass":32,"minecraft:coal_ore":39,"minecraft:oak_log":14,"luminousworld:ishstone":22,"minecraft:cocoa":5,"minecraft:zombie_head":1,"minecraft:dirt":35,"minecraft:sand":16,"luminousworld:grassvariant_3":4,"minecraft:cobweb":31,"minecraft:spruce_fence_gate":1,"minecraft:deepslate":7,"minecraft:oak_leaves":10,"minecraft:fern":3,"minecraft:infested_stone":2},"minecraft:killed":{"earthmobsmod:jumbo_rabbit":1,"undead_revamp2:theimmortal":2,"born_in_chaos_v1:zombie_lumberjack":1,"enemyexpansion:vampbiter":1,"enemyexpansion:intruder":1,"minecraft:spider":1,"alexsmobs:seagull":1,"enemyexpansion:direwolf":4,"born_in_chaos_v1:maggot":1,"minecraft:skeleton":3,"enemyexpansion:silverqueen":1,"naturalist:bass":4,"friendsandfoes:copper_golem":1,"minecraft:husk":1,"minecraft:pig":1,"minecraft:salmon":4,"undead_revamp2:the_moonflower":1,"earthmobsmod:lobber_zombie":1,"enemyexpansion:sprinter":1,"luminousworld:trout_fish":1,"born_in_chaos_v1:decrepit_skeleton":1,"minecraft:zombie":2,"born_in_chaos_v1:dread_hound":1,"enemyexpansion:botfly":2,"born_in_chaos_v1:siamese_skeletonsleft":1,"minecraft:cow":1},"minecraft:custom":{"minecraft:mob_kills":49,"minecraft:interact_with_crafting_table":29,"minecraft:open_barrel":7,"minecraft:damage_dealt_resisted":67,"minecraft:leave_game":12,"minecraft:time_since_death":1512,"minecraft:climb_one_cm":16206,"minecraft:sprint_one_cm":1073787,"minecraft:walk_one_cm":734990,"minecraft:drop":75,"minecraft:talked_to_villager":1,"minecraft:play_time":284061,"minecraft:sneak_time":5776,"minecraft:deaths":15,"minecraft:walk_under_water_one_cm":29395,"minecraft:boat_one_cm":55260,"minecraft:jump":4809,"minecraft:walk_on_water_one_cm":76930,"minecraft:total_world_time":284061,"minecraft:interact_with_furnace":22,"minecraft:sleep_in_bed":18,"minecraft:time_since_rest":1,"minecraft:damage_taken":6852,"minecraft:damage_dealt":8957,"minecraft:swim_one_cm":126828,"minecraft:fly_one_cm":794859,"minecraft:open_chest":31,"minecraft:crouch_one_cm":8260,"tombstone:undead_killed":15,"minecraft:fall_one_cm":117654},"minecraft:dropped":{"minecraft:bread":1,"minecraft:iron_sword":1,"luminousworld:sunset_petunias":1,"minecraft:wheat_seeds":7,"luminousworld:spuds":1,"minecraft:oak_fence":1,"minecraft:spruce_fence_gate":1,"minecraft:stick":11,"minecraft:dirt":40,"minecraft:diorite":5,"tombstone:magic_scroll":1,"tombstone:grave_key":2,"minecraft:wooden_axe":1,"minecraft:sand":3,"minecraft:iron_pickaxe":2,"minecraft:string":22,"luminousworld:decorative_brown_2":1,"minecraft:stone_axe":1,"minecraft:stone_sword":1,"alexsmobs:animal_dictionary":1,"minecraft:cobbled_deepslate":5,"minecraft:rotten_flesh":14,"sophisticatedbackpacks:backpack":1,"minecraft:leather_chestplate":1,"luminousworld:grassflowers":1,"minecraft:bundle":3,"minecraft:andesite":3,"luminousworld:groundpebbles_1":1,"minecraft:leather_leggings":1,"luminousworld:blue_petunias":3,"minecraft:stone_pickaxe":1,"minecraft:wooden_pickaxe":1,"born_in_chaos_v1:marigolds":1},"minecraft:killed_by":{"minecraft:husk":1,"undead_revamp2:theskeeper":1,"undead_revamp2:clogger":2,"minecraft:skeleton":1,"enemyexpansion:vampflyer":1,"iceandfire:fire_dragon":3,"enemyexpansion:invisicreeper":1},"minecraft:crafted":{"minecraft:oak_door":3,"minecraft:oak_planks":56,"ecologics:walnut_planks":12,"minecraft:furnace":1,"minecraft:glass":7,"minecraft:iron_axe":1,"minecraft:stone_pickaxe":1,"minecraft:wheat":369,"minecraft:wooden_shovel":1,"minecraft:crafting_table":1,"minecraft:wooden_pickaxe":1,"minecraft:iron_helmet":1,"minecraft:iron_sword":2,"iceandfire:pixie_jar_empty":1,"minecraft:birch_planks":56,"minecraft:stone_axe":1,"minecraft:bread":78,"minecraft:air":0,"minecraft:oak_boat":1,"minecraft:stick":40,"quark:oak_chest":2,"minecraft:iron_ingot":16,"minecraft:iron_pickaxe":1,"minecraft:wooden_axe":1,"minecraft:stone_sword":1,"minecraft:torch":32}},"DataVersion":3465}