{"stats":{"minecraft:dropped":{"luckytntmod:smoke_tnt":1,"minecraft:flint_and_steel":1},"minecraft:mined":{"minecraft:grass":12},"minecraft:picked_up":{"minecraft:brown_concrete":1,"minecraft:flint_and_steel":1,"minecraft:green_concrete":1,"luckytntmod:smoke_tnt":1},"minecraft:custom":{"minecraft:jump":28,"minecraft:time_since_rest":46495,"minecraft:damage_dealt":14,"minecraft:crouch_one_cm":39,"minecraft:leave_game":1,"minecraft:play_time":46495,"minecraft:sprint_one_cm":1986,"minecraft:time_since_death":46495,"minecraft:walk_one_cm":3868,"minecraft:sneak_time":141,"minecraft:total_world_time":46495,"minecraft:drop":2,"minecraft:fly_one_cm":63613},"minecraft:used":{"luckytntmod:rainbow_firework":2,"minecraft:flint_and_steel":10,"luckytntmod:smoke_tnt":1}},"DataVersion":3465}