{"stats":{"minecraft:dropped":{"luckytntmod:smoke_tnt":2,"minecraft:grass_block":1,"minecraft:flint_and_steel":4,"minecraft:torch":3,"luckytntmod:nether_grove_dynamite":1},"minecraft:mined":{"minecraft:grass":12},"minecraft:killed":{"minecraft:pig":4,"minecraft:rabbit":8,"minecraft:spider":1,"minecraft:bat":1,"minecraft:creeper":7,"minecraft:sheep":16,"minecraft:skeleton":6,"minecraft:zombie":1,"minecraft:bee":2,"minecraft:chicken":23,"minecraft:turtle":2,"minecraft:cow":5},"minecraft:picked_up":{"minecraft:pink_petals":4,"minecraft:light_blue_concrete":9,"minecraft:repeater":4,"minecraft:iron_door":1,"minecraft:leather":2,"minecraft:potato":2,"minecraft:crimson_fungus":1,"minecraft:brown_concrete":9,"minecraft:blue_concrete":10,"minecraft:lapis_lazuli":6,"minecraft:orange_concrete":11,"minecraft:flint_and_steel":1,"luckytntmod:nuclear_waste":2,"minecraft:beetroot":1,"minecraft:wheat_seeds":3,"minecraft:gold_nugget":1,"minecraft:beef":2,"minecraft:iron_ingot":6,"minecraft:poppy":1,"luckytntmod:smoke_tnt":1,"minecraft:cyan_concrete":8,"minecraft:purple_concrete":13,"minecraft:pink_concrete":6,"minecraft:yellow_concrete":11,"minecraft:torch":3,"minecraft:lime_concrete":13,"minecraft:poisonous_potato":1,"luckytntmod:red_candy":12,"minecraft:stone_button":2,"minecraft:carrot":9,"minecraft:grass_block":1,"minecraft:redstone":3,"luckytntmod:green_candy":8,"minecraft:pumpkin_seeds":3,"luckytntmod:yellow_candy":4,"minecraft:green_concrete":11,"luckytntmod:purple_candy":3,"minecraft:beetroot_seeds":4,"minecraft:peony":3,"luckytntmod:blue_candy":14,"minecraft:emerald":4,"minecraft:red_concrete":10,"minecraft:melon_seeds":5,"minecraft:magenta_concrete":11,"minecraft:cod":1},"minecraft:custom":{"minecraft:mob_kills":98,"minecraft:leave_game":3,"minecraft:time_since_death":155685,"minecraft:time_since_rest":155685,"minecraft:sprint_one_cm":10418,"minecraft:walk_one_cm":92382,"minecraft:drop":11,"minecraft:damage_dealt":174,"minecraft:swim_one_cm":9762,"minecraft:fly_one_cm":748676,"minecraft:crouch_one_cm":7572,"minecraft:play_time":155685,"minecraft:sneak_time":3687,"minecraft:walk_under_water_one_cm":19649,"minecraft:jump":234,"minecraft:walk_on_water_one_cm":4050,"minecraft:total_world_time":155685},"minecraft:used":{"luckytntmod:aether_tnt":1,"luckytntmod:wool_tnt":2,"minecraft:water_bucket":35,"minecraft:iron_bars":22,"minecraft:dead_tube_coral_block":14,"minecraft:flint_and_steel":21,"luckytntmod:smoke_tnt":2,"minecraft:redstone":13,"minecraft:oak_sign":1,"minecraft:stone":42,"minecraft:torch":8,"minecraft:pink_concrete":45,"minecraft:yellow_terracotta":80,"minecraft:ochre_froglight":9,"luckytntmod:meteor_storm":1,"minecraft:spruce_log":2,"minecraft:redstone_torch":4,"luckytntmod:illuminati_tnt":1,"minecraft:sea_lantern":38,"minecraft:firework_rocket":84,"minecraft:grass_block":58,"minecraft:stone_button":5,"minecraft:magenta_concrete":230,"minecraft:iron_door":4,"minecraft:bedrock":142,"minecraft:repeater":7,"luckytntmod:rainbow_firework":3,"minecraft:bucket":1,"minecraft:chain":11,"minecraft:white_concrete":34}},"DataVersion":3465}