{"stats":{"minecraft:killed":{"minecraft:pig":5,"minecraft:vindicator":1,"illagerinvasion:marauder":1,"illagerinvasion:basher":1,"naturalist:snail":1,"minecraft:skeleton":1,"iceandfire:ghost":4,"born_in_chaos_v1:firelight_not_despawn":3},"minecraft:picked_up":{"luminousworld:groundpebbles_1":5,"minecraft:crafting_table":1,"luminousworld:decorative_brown_2":3,"minecraft:brown_mushroom":4,"minecraft:filled_map":1,"minecraft:wither_rose":1,"minecraft:oak_log":2,"supplementaries:flax_seeds":3,"minecraft:brewing_stand":2,"minecraft:string":1,"minecraft:dirt":20,"minecraft:lantern":1,"minecraft:bone":1,"minecraft:wheat_seeds":1,"minecraft:lectern":1,"naturalist:snail_shell":1,"minecraft:sugar_cane":3,"minecraft:book":63,"minecraft:oak_slab":2,"minecraft:porkchop":10,"minecraft:spruce_sapling":3,"minecraft:cyan_bed":6,"minecraft:spruce_log":15,"minecraft:mossy_cobblestone":1,"luminousworld:decorative_brown_mushroom_1":2,"minecraft:arrow":2,"born_in_chaos_v1:fire_dust":2,"tombstone:magic_scroll":1,"minecraft:coal":30,"minecraft:iron_bars":1,"minecraft:cobblestone":28},"minecraft:dropped":{"minecraft:lantern":1,"luminousworld:decorative_brown_mushroom_1":2,"minecraft:filled_map":1,"minecraft:spruce_planks":2,"minecraft:wooden_axe":1,"minecraft:wooden_sword":1,"minecraft:stone_pickaxe":1,"minecraft:wooden_pickaxe":1},"minecraft:used":{"minecraft:stone_sword":88,"minecraft:spruce_door":1,"minecraft:stone_pickaxe":61,"minecraft:spruce_planks":12,"minecraft:wooden_pickaxe":19,"minecraft:mossy_cobblestone":1,"luminousworld:decorative_brown_2":1,"minecraft:dirt":2,"minecraft:oak_slab":2,"minecraft:crafting_table":2,"minecraft:oak_log":1,"minecraft:wooden_axe":26,"minecraft:cyan_bed":6,"minecraft:stone_axe":12,"minecraft:wooden_sword":19,"minecraft:cobblestone":5,"minecraft:furnace":1,"tombstone:gift":1},"minecraft:crafted":{"minecraft:wooden_sword":1,"minecraft:oak_planks":4,"minecraft:crafting_table":1,"minecraft:spruce_planks":36,"minecraft:wooden_pickaxe":1,"minecraft:spruce_door":3,"minecraft:furnace":1,"minecraft:stone_axe":1,"minecraft:stick":12,"minecraft:stone_pickaxe":1,"minecraft:wooden_axe":1,"minecraft:stone_sword":1},"minecraft:killed_by":{"minecraft:vindicator":1,"minecraft:skeleton":1,"illagerinvasion:marauder":1},"minecraft:custom":{"minecraft:interact_with_furnace":2,"minecraft:mob_kills":17,"tombstone:raider_killed":3,"minecraft:interact_with_crafting_table":8,"minecraft:open_barrel":1,"minecraft:leave_game":3,"minecraft:time_since_death":22822,"minecraft:sleep_in_bed":5,"minecraft:climb_one_cm":595,"minecraft:time_since_rest":8584,"minecraft:sprint_one_cm":77988,"minecraft:damage_taken":885,"minecraft:walk_one_cm":157961,"minecraft:trigger_trapped_chest":2,"minecraft:drop":9,"minecraft:damage_dealt":3541,"minecraft:swim_one_cm":4878,"minecraft:fly_one_cm":48215,"minecraft:crouch_one_cm":3142,"minecraft:play_time":45960,"tombstone:undead_killed":5,"minecraft:deaths":3,"minecraft:sneak_time":1425,"minecraft:walk_under_water_one_cm":4672,"minecraft:jump":405,"minecraft:walk_on_water_one_cm":8445,"minecraft:total_world_time":45960,"minecraft:fall_one_cm":8565},"minecraft:mined":{"luminousworld:groundpebbles_1":1,"minecraft:oak_slab":1,"minecraft:spruce_planks":2,"minecraft:brown_mushroom":4,"minecraft:mossy_cobblestone":5,"luminousworld:blueberrybush":2,"luminousworld:mossbuds_1":1,"minecraft:brewing_stand":2,"minecraft:crafting_table":2,"luminousworld:mossbuds_2":4,"minecraft:grass_block":9,"supplementaries:wild_flax":3,"minecraft:lectern":1,"luminousworld:decorative_brown_mushroom_1":2,"minecraft:cobblestone":1,"luminousworld:blackberrybush":1,"minecraft:spruce_leaves":15,"minecraft:cyan_bed":7,"minecraft:sugar_cane":1,"luminousworld:groundpebbles_3":3,"minecraft:large_fern":8,"minecraft:fire":3,"minecraft:spruce_log":15,"luminousworld:mossbuds_3":4,"minecraft:wither_rose":1,"minecraft:grass":2,"minecraft:oak_log":2,"minecraft:coal_ore":30,"minecraft:bookshelf":22,"minecraft:vine":1,"minecraft:iron_bars":1,"minecraft:dirt":14,"minecraft:cobweb":1,"luminousworld:groundpebbles_2":1,"luminousworld:decorative_brown_2":3,"minecraft:stone":28}},"DataVersion":3465}