{"stats":{"minecraft:dropped":{"minecraft:torch":3,"luckytntmod:smoke_tnt":2,"luckytntmod:nether_grove_dynamite":1,"minecraft:flint_and_steel":4},"minecraft:mined":{"minecraft:grass":12},"minecraft:killed":{"minecraft:sheep":16,"minecraft:skeleton":6,"minecraft:zombie":1,"minecraft:pig":4,"minecraft:bee":2,"minecraft:chicken":23,"minecraft:rabbit":8,"minecraft:spider":1,"minecraft:bat":1,"minecraft:turtle":2,"minecraft:creeper":7,"minecraft:cow":5},"minecraft:picked_up":{"minecraft:pink_concrete":6,"minecraft:light_blue_concrete":9,"minecraft:leather":2,"minecraft:yellow_concrete":11,"minecraft:lime_concrete":13,"minecraft:poisonous_potato":1,"minecraft:potato":2,"minecraft:crimson_fungus":1,"minecraft:brown_concrete":9,"luckytntmod:red_candy":12,"minecraft:blue_concrete":10,"minecraft:carrot":9,"minecraft:lapis_lazuli":6,"minecraft:orange_concrete":11,"luckytntmod:green_candy":8,"minecraft:flint_and_steel":1,"luckytntmod:nuclear_waste":2,"minecraft:pumpkin_seeds":3,"luckytntmod:yellow_candy":4,"minecraft:beetroot":1,"minecraft:green_concrete":11,"luckytntmod:purple_candy":3,"minecraft:beetroot_seeds":4,"minecraft:wheat_seeds":3,"minecraft:peony":3,"minecraft:gold_nugget":1,"minecraft:iron_ingot":6,"minecraft:beef":2,"luckytntmod:blue_candy":14,"minecraft:emerald":4,"minecraft:poppy":1,"luckytntmod:smoke_tnt":1,"minecraft:cyan_concrete":8,"minecraft:magenta_concrete":11,"minecraft:melon_seeds":5,"minecraft:red_concrete":10,"minecraft:cod":1,"minecraft:purple_concrete":13},"minecraft:custom":{"minecraft:time_since_rest":80972,"minecraft:sprint_one_cm":7033,"minecraft:walk_one_cm":26097,"minecraft:mob_kills":98,"minecraft:drop":10,"minecraft:damage_dealt":64,"minecraft:swim_one_cm":9762,"minecraft:fly_one_cm":636838,"minecraft:crouch_one_cm":39,"minecraft:play_time":80972,"minecraft:sneak_time":141,"minecraft:walk_under_water_one_cm":11954,"minecraft:jump":134,"minecraft:leave_game":3,"minecraft:time_since_death":80972,"minecraft:walk_on_water_one_cm":2616,"minecraft:total_world_time":80972},"minecraft:used":{"luckytntmod:aether_tnt":1,"luckytntmod:wool_tnt":2,"minecraft:firework_rocket":84,"minecraft:flint_and_steel":16,"luckytntmod:smoke_tnt":2,"minecraft:yellow_terracotta":80,"luckytntmod:rainbow_firework":3,"luckytntmod:meteor_storm":1}},"DataVersion":3465}