{"stats":{"minecraft:dropped":{"luckytntmod:smoke_tnt":1,"minecraft:flint_and_steel":3},"minecraft:mined":{"minecraft:grass":12},"minecraft:picked_up":{"minecraft:orange_concrete":11,"minecraft:flint_and_steel":1,"minecraft:pink_concrete":6,"minecraft:light_blue_concrete":9,"minecraft:green_concrete":11,"minecraft:yellow_concrete":11,"minecraft:peony":3,"minecraft:lime_concrete":13,"minecraft:crimson_fungus":1,"minecraft:brown_concrete":9,"minecraft:poppy":1,"minecraft:blue_concrete":10,"luckytntmod:smoke_tnt":1,"minecraft:magenta_concrete":11,"minecraft:cyan_concrete":8,"minecraft:red_concrete":10,"minecraft:purple_concrete":13},"minecraft:custom":{"minecraft:time_since_rest":58495,"minecraft:crouch_one_cm":39,"minecraft:sprint_one_cm":3344,"minecraft:play_time":58495,"minecraft:walk_one_cm":10559,"minecraft:sneak_time":141,"minecraft:mob_kills":1,"minecraft:drop":4,"minecraft:jump":63,"minecraft:damage_dealt":54,"minecraft:leave_game":1,"minecraft:time_since_death":58495,"minecraft:total_world_time":58495,"minecraft:fly_one_cm":258255},"minecraft:used":{"luckytntmod:aether_tnt":1,"luckytntmod:wool_tnt":1,"minecraft:yellow_terracotta":80,"luckytntmod:rainbow_firework":3,"minecraft:flint_and_steel":14,"luckytntmod:smoke_tnt":1,"luckytntmod:meteor_storm":1}},"DataVersion":3465}