{"stats":{"minecraft:used":{"minecraft:oak_fence":1,"minecraft:stone_sword":237,"minecraft:spruce_planks":12,"minecraft:iron_sword":143,"minecraft:torch":42,"luminousworld:decorative_brown_2":1,"minecraft:dirt":26,"minecraft:wooden_axe":26,"iceandfire:copper_axe":2,"minecraft:stone_bricks":2,"minecraft:furnace":4,"tombstone:gift":5,"minecraft:cooked_beef":5,"naturalist:lizard_tail":1,"minecraft:cooked_mutton":3,"minecraft:spruce_door":3,"minecraft:stone_pickaxe":61,"minecraft:oak_planks":6,"minecraft:wooden_pickaxe":19,"minecraft:mossy_cobblestone":1,"minecraft:oak_slab":2,"minecraft:crafting_table":8,"minecraft:white_bed":6,"minecraft:black_bed":3,"minecraft:oak_log":1,"minecraft:dark_prismarine":2,"minecraft:iron_pickaxe":202,"minecraft:bread":22,"minecraft:cyan_bed":11,"minecraft:stone_axe":89,"minecraft:wooden_sword":19,"minecraft:cobblestone":40,"minecraft:cooked_porkchop":11,"minecraft:oak_boat":3},"minecraft:picked_up":{"minecraft:charcoal":8,"luminousworld:groundpebbles_1":5,"minecraft:crafting_table":3,"minecraft:wheat":11,"luminousworld:decorative_brown_2":3,"illagerinvasion:platinum_chunk":2,"minecraft:chicken":4,"minecraft:brown_mushroom":7,"artifacts:umbrella":1,"ecologics:seashell":2,"minecraft:oak_stairs":2,"minecraft:stone_brick_wall":6,"minecraft:wither_rose":1,"minecraft:enchanted_book":1,"minecraft:brewing_stand":2,"minecraft:string":14,"minecraft:raw_copper":23,"minecraft:item_frame":2,"minecraft:experience_bottle":1,"minecraft:beef":18,"minecraft:oak_boat":2,"minecraft:iron_nugget":4,"minecraft:lectern":2,"minecraft:coal_block":3,"minecraft:sugar_cane":27,"ecologics:crab_claw":3,"minecraft:furnace":1,"minecraft:raw_iron":30,"minecraft:stick":11,"born_in_chaos_v1:shattered_skull":1,"ecologics:coconut_slice":8,"minecraft:oak_fence":1,"minecraft:torch":7,"sophisticatedbackpacks:backpack":1,"minecraft:note_block":4,"minecraft:spruce_fence":1,"minecraft:porkchop":38,"minecraft:stone_button":14,"minecraft:carrot":25,"minecraft:redstone":2,"minecraft:rabbit_foot":4,"luminousworld:decorative_brown_mushroom_1":2,"minecraft:stone_sword":1,"minecraft:arrow":8,"minecraft:rotten_flesh":3,"minecraft:hay_block":68,"minecraft:mutton":26,"minecraft:iron_bars":1,"undead_revamp2:arapholia":1,"minecraft:white_wool":12,"minecraft:cobblestone":89,"born_in_chaos_v1:corpse_maggot":3,"minecraft:leather_chestplate":1,"minecraft:black_bed":3,"minecraft:leather":10,"minecraft:potato":12,"minecraft:filled_map":1,"minecraft:flint":1,"minecraft:oak_log":15,"supplementaries:flax_seeds":4,"iceandfire:ectoplasm":1,"minecraft:gunpowder":2,"naturalist:lizard_tail":1,"minecraft:dirt":37,"minecraft:lantern":3,"minecraft:leather_boots":1,"minecraft:bone":5,"minecraft:stone_bricks":8,"minecraft:wheat_seeds":42,"minecraft:raw_gold":4,"minecraft:rabbit_hide":5,"minecraft:iron_ingot":2,"earthmobsmod:fancy_feather":5,"minecraft:rabbit":5,"naturalist:snail_shell":1,"minecraft:iron_sword":2,"minecraft:book":63,"minecraft:oak_slab":3,"born_in_chaos_v1:ethereal_spirit":1,"minecraft:dandelion":1,"minecraft:sand":1,"minecraft:spruce_sapling":3,"minecraft:white_bed":6,"minecraft:spruce_log":15,"minecraft:loom":1,"minecraft:cyan_bed":12,"minecraft:mossy_cobblestone":1,"minecraft:dark_prismarine":2,"minecraft:bundle":1,"born_in_chaos_v1:fire_dust":2,"minecraft:bone_meal":1,"minecraft:gray_wool":1,"minecraft:emerald":3,"tombstone:magic_scroll":1,"minecraft:damaged_anvil":1,"minecraft:coal":61,"iceandfire:raw_silver":18},"minecraft:broken":{"minecraft:stone_sword":1,"minecraft:leather_leggings":1,"minecraft:stone_axe":1},"minecraft:mined":{"undead_revamp2:arapholia":1,"minecraft:dark_prismarine":3,"luminousworld:groundpebbles_1":1,"minecraft:spruce_planks":2,"minecraft:white_bed":7,"iceandfire:silver_ore":19,"minecraft:mossy_cobblestone":5,"luminousworld:autumnleaves":1,"luminousworld:mossbuds_1":1,"minecraft:brewing_stand":2,"minecraft:stone_brick_wall":1,"luminousworld:mossbuds_2":4,"minecraft:spruce_fence":1,"minecraft:grass_block":15,"minecraft:redstone_wire":5,"luminousworld:grassvariant_2":2,"minecraft:brown_mushroom_block":18,"minecraft:coal_block":3,"luminousworld:decorative_brown_mushroom_1":2,"luminousworld:blackberrybush":1,"minecraft:spruce_leaves":19,"minecraft:sandstone":2,"luminousworld:groundpebbles_3":3,"minecraft:chiseled_stone_bricks":1,"minecraft:large_fern":8,"minecraft:hay_block":67,"minecraft:carrots":26,"minecraft:furnace":1,"minecraft:iron_ore":32,"minecraft:fire":7,"luminousworld:mossbuds_3":4,"minecraft:deepslate_iron_ore":1,"minecraft:bookshelf":22,"minecraft:potatoes":4,"minecraft:vine":2,"minecraft:iron_bars":1,"luminousworld:groundpebbles_2":1,"luminousworld:decorative_brown_2":3,"minecraft:stone":79,"minecraft:cake":1,"minecraft:oak_slab":1,"minecraft:brown_mushroom":4,"luminousworld:blueberrybush":2,"minecraft:oak_fence":1,"minecraft:crafting_table":5,"minecraft:note_block":4,"minecraft:torch":4,"minecraft:emerald_ore":2,"minecraft:white_stained_glass_pane":1,"minecraft:campfire":4,"minecraft:lectern":1,"supplementaries:wild_flax":4,"minecraft:mushroom_stem":5,"minecraft:copper_ore":6,"minecraft:tall_grass":6,"minecraft:cobblestone":10,"minecraft:deepslate_gold_ore":4,"minecraft:cyan_bed":12,"minecraft:damaged_anvil":1,"minecraft:sugar_cane":11,"minecraft:bricks":1,"minecraft:wall_torch":2,"minecraft:repeater":1,"ecologics:seashell":2,"minecraft:wheat":25,"minecraft:spruce_log":15,"minecraft:black_bed":3,"minecraft:wither_rose":1,"minecraft:grass":18,"minecraft:coal_ore":69,"minecraft:oak_log":11,"minecraft:gravel":1,"minecraft:loom":1,"minecraft:dirt":20,"minecraft:sand":1,"minecraft:cobweb":3,"minecraft:stone_bricks":1,"minecraft:oak_leaves":8},"minecraft:killed":{"earthmobsmod:jumbo_rabbit":2,"enemyexpansion:intruder":1,"born_in_chaos_v1:pumpkin_spirit":1,"minecraft:spider":3,"minecraft:vindicator":1,"undead_revamp2:clogger":1,"illagerinvasion:marauder":1,"enemyexpansion:direwolf":1,"illagerinvasion:basher":1,"born_in_chaos_v1:maggot":3,"naturalist:snail":1,"minecraft:horse":2,"minecraft:skeleton":5,"alexsmobs:blue_jay":1,"earthmobsmod:fancy_chicken":4,"ecologics:coconut_crab":3,"born_in_chaos_v1:corpse_fish":1,"born_in_chaos_v1:firelight_not_despawn":3,"minecraft:pig":19,"naturalist:lizard_tail":1,"undead_revamp2:the_moonflower":1,"enemyexpansion:sprinter":1,"minecraft:creeper":1,"luminousworld:crab":1,"minecraft:sheep":14,"minecraft:pillager":5,"iceandfire:ghost":6,"enemyexpansion:botfly":5,"naturalist:lizard":1,"minecraft:cow":6},"minecraft:custom":{"minecraft:mob_kills":96,"minecraft:interact_with_crafting_table":45,"minecraft:open_barrel":2,"minecraft:damage_dealt_resisted":38,"minecraft:leave_game":8,"minecraft:time_since_death":24868,"minecraft:climb_one_cm":3798,"minecraft:sprint_one_cm":411379,"minecraft:walk_one_cm":578466,"minecraft:drop":77,"minecraft:play_noteblock":4,"minecraft:talked_to_villager":3,"minecraft:play_time":204610,"minecraft:sneak_time":5149,"minecraft:deaths":9,"minecraft:walk_under_water_one_cm":9547,"minecraft:boat_one_cm":43965,"minecraft:jump":2679,"minecraft:walk_on_water_one_cm":29678,"minecraft:total_world_time":204610,"minecraft:interact_with_furnace":52,"tombstone:raider_killed":8,"minecraft:tune_noteblock":5,"minecraft:interact_with_loom":1,"minecraft:sleep_in_bed":15,"minecraft:time_since_rest":17425,"minecraft:damage_taken":5011,"minecraft:trigger_trapped_chest":3,"minecraft:damage_dealt":16498,"minecraft:swim_one_cm":34371,"minecraft:fly_one_cm":533335,"minecraft:open_chest":18,"minecraft:crouch_one_cm":13693,"tombstone:undead_killed":14,"minecraft:fall_one_cm":30941,"minecraft:horse_one_cm":221685},"minecraft:dropped":{"sophisticatedbackpacks:iron_backpack":1,"minecraft:iron_sword":1,"minecraft:wheat_seeds":45,"minecraft:cooked_beef":4,"minecraft:loom":1,"minecraft:lantern":1,"luminousworld:decorative_brown_mushroom_1":2,"minecraft:flint":1,"minecraft:dirt":11,"minecraft:stone_button":15,"minecraft:wooden_axe":1,"minecraft:rabbit":1,"minecraft:wooden_sword":1,"minecraft:wither_rose":1,"luminousworld:decorative_brown_2":2,"minecraft:spruce_sapling":3,"minecraft:dandelion":1,"minecraft:furnace":1,"minecraft:stone_axe":1,"minecraft:stone_sword":2,"undead_revamp2:arapholia":1,"minecraft:rotten_flesh":3,"sophisticatedbackpacks:backpack":1,"minecraft:cooked_mutton":7,"minecraft:spruce_fence":1,"minecraft:rabbit_foot":2,"minecraft:filled_map":1,"minecraft:leather_chestplate":2,"artifacts:umbrella":1,"minecraft:spruce_planks":2,"luminousworld:groundpebbles_1":5,"minecraft:stone_brick_wall":6,"minecraft:leather_boots":2,"minecraft:stone_bricks":8,"minecraft:iron_bars":1,"minecraft:stone_pickaxe":1,"minecraft:wooden_pickaxe":1,"minecraft:cyan_bed":1,"iceandfire:manuscript":1,"minecraft:lectern":1},"minecraft:killed_by":{"undead_revamp2:clogger":1,"minecraft:vindicator":1,"minecraft:skeleton":1,"illagerinvasion:marauder":1,"iceandfire:ghost":1,"iceandfire:fire_dragon":3},"minecraft:crafted":{"minecraft:wooden_sword":1,"minecraft:oak_planks":68,"minecraft:furnace":4,"minecraft:cooked_mutton":10,"iceandfire:copper_axe":1,"minecraft:iron_boots":1,"sophisticatedbackpacks:copper_backpack":2,"minecraft:stone_pickaxe":1,"quark:spruce_chest":3,"sophisticatedbackpacks:iron_backpack":2,"minecraft:cooked_beef":9,"sophisticatedbackpacks:backpack":2,"minecraft:cooked_porkchop":33,"minecraft:crafting_table":6,"minecraft:spruce_planks":60,"minecraft:wooden_pickaxe":1,"minecraft:spruce_door":3,"minecraft:copper_ingot":21,"minecraft:stone_axe":2,"minecraft:air":0,"minecraft:oak_boat":2,"iceandfire:bestiary":1,"minecraft:iron_chestplate":1,"minecraft:stick":24,"minecraft:iron_ingot":18,"minecraft:iron_pickaxe":1,"minecraft:wooden_axe":1,"minecraft:stone_sword":2,"minecraft:white_bed":1,"minecraft:torch":56}},"DataVersion":3465}