{"stats":{"minecraft:mined":{"minecraft:grass":12},"minecraft:custom":{"minecraft:mob_kills":521,"minecraft:leave_game":7,"minecraft:time_since_death":183411,"minecraft:sleep_in_bed":2,"minecraft:time_since_rest":13820,"minecraft:sprint_one_cm":18570,"minecraft:walk_one_cm":339242,"minecraft:drop":17,"minecraft:damage_dealt":190,"minecraft:swim_one_cm":9762,"minecraft:fly_one_cm":1407680,"minecraft:open_chest":2,"minecraft:crouch_one_cm":7728,"minecraft:play_time":183411,"minecraft:sneak_time":5126,"minecraft:walk_under_water_one_cm":20899,"minecraft:jump":271,"minecraft:walk_on_water_one_cm":4169,"minecraft:total_world_time":183411},"minecraft:used":{"luckytntmod:aether_tnt":1,"luckytntmod:wool_tnt":2,"luckytntmod:xray_tnt":1,"minecraft:water_bucket":35,"minecraft:iron_bars":22,"luckytntmod:deimos":1,"minecraft:dead_tube_coral_block":14,"minecraft:flint_and_steel":79,"luckytntmod:smoke_tnt":2,"minecraft:redstone":13,"luckytntmod:attacking_tnt":1,"minecraft:oak_sign":1,"minecraft:stone":42,"luckytntmod:tsar_bomba":1,"minecraft:blue_bed":1,"minecraft:pink_concrete":45,"minecraft:torch":8,"minecraft:jungle_wood":9,"minecraft:yellow_terracotta":80,"luckytntmod:present_drop":1,"luckytntmod:meteor_storm":1,"minecraft:ochre_froglight":9,"luckytntmod:village_defense":18,"minecraft:spruce_log":2,"luckytntmod:eye_of_the_sahara":1,"luckytntmod:disaster_clearer":1,"minecraft:redstone_torch":4,"luckytntmod:mimic_tnt":2,"luckytntmod:illuminati_tnt":1,"minecraft:sea_lantern":38,"minecraft:firework_rocket":84,"minecraft:villager_spawn_egg":1,"luckytntmod:sinkhole_tnt":1,"luckytntmod:replay_tnt":2,"minecraft:grass_block":59,"minecraft:stone_button":5,"minecraft:magenta_concrete":230,"luckytntmod:grande_finale":1,"minecraft:iron_door":4,"minecraft:bedrock":142,"luckytntmod:brickhouse_tnt":1,"minecraft:repeater":7,"luckytntmod:rainbow_firework":3,"luckytntmod:wither_storm":1,"minecraft:bucket":1,"minecraft:chain":11,"minecraft:white_concrete":34,"luckytntmod:cobblestone_house_tnt":1},"minecraft:dropped":{"luckytntmod:attacking_tnt":1,"luckytntmod:xray_tnt":1,"luckytntmod:smoke_tnt":2,"luckytntmod:christmas_dynamite":1,"minecraft:grass_block":1,"minecraft:flint_and_steel":4,"minecraft:torch":3,"luckytntmod:tsar_bomba":1,"luckytntmod:nether_grove_dynamite":1,"minecraft:bone":2},"minecraft:picked_up":{"minecraft:pink_petals":95,"minecraft:light_blue_concrete":9,"minecraft:repeater":4,"minecraft:iron_door":1,"minecraft:leather":2,"minecraft:potato":2,"minecraft:crimson_fungus":1,"minecraft:brown_concrete":9,"minecraft:blue_concrete":11,"minecraft:gunpowder":1,"minecraft:lapis_lazuli":6,"minecraft:orange_concrete":11,"minecraft:flint_and_steel":1,"luckytntmod:nuclear_waste":2,"minecraft:red_carpet":5,"minecraft:bone":2,"minecraft:beetroot":1,"minecraft:wheat_seeds":11,"minecraft:gold_nugget":1,"minecraft:beef":2,"minecraft:iron_ingot":6,"minecraft:poppy":4,"luckytntmod:smoke_tnt":1,"minecraft:cyan_concrete":8,"minecraft:purple_concrete":13,"minecraft:pink_concrete":6,"minecraft:oak_door":1,"minecraft:yellow_concrete":11,"minecraft:torch":7,"minecraft:lime_concrete":13,"minecraft:poisonous_potato":1,"luckytntmod:red_candy":12,"minecraft:stone_button":2,"minecraft:carrot":9,"minecraft:grass_block":1,"minecraft:redstone":3,"luckytntmod:green_candy":8,"minecraft:pumpkin_seeds":3,"minecraft:green_concrete":11,"luckytntmod:yellow_candy":4,"luckytntmod:purple_candy":3,"minecraft:beetroot_seeds":4,"minecraft:peony":3,"luckytntmod:blue_candy":14,"minecraft:emerald":4,"minecraft:red_concrete":10,"minecraft:light_gray_carpet":14,"minecraft:melon_seeds":5,"minecraft:magenta_concrete":11,"minecraft:cod":1},"minecraft:killed":{"minecraft:pig":10,"minecraft:rabbit":11,"minecraft:spider":3,"minecraft:iron_golem":230,"minecraft:bat":5,"minecraft:slime":1,"minecraft:creeper":8,"minecraft:horse":1,"minecraft:sheep":24,"minecraft:skeleton":8,"minecraft:donkey":1,"minecraft:zombie":7,"minecraft:bee":3,"minecraft:chicken":24,"minecraft:turtle":2,"minecraft:enderman":117,"minecraft:cow":5}},"DataVersion":3465}