{"stats":{"minecraft:used":{"minecraft:stone":1,"minecraft:iron_sword":503,"luminousworld:decorative_brown_2":1,"artifacts:umbrella":3,"minecraft:coal_ore":5,"quark:deepslate_furnace":2,"minecraft:stone_bricks":2,"minecraft:bow":9,"minecraft:furnace":5,"minecraft:damaged_anvil":1,"minecraft:spruce_door":3,"minecraft:stone_pickaxe":61,"minecraft:oak_planks":6,"minecraft:wooden_pickaxe":19,"minecraft:mushroom_stew":1,"iceandfire:silver_axe":135,"minecraft:black_bed":3,"luminousworld:creepberries":1,"iceandfire:silver_pickaxe":611,"minecraft:firework_rocket":1,"minecraft:bread":46,"minecraft:cyan_bed":12,"minecraft:wooden_sword":19,"minecraft:oak_boat":3,"minecraft:experience_bottle":1,"minecraft:oak_fence":2,"quark:birch_chest":2,"iceandfire:silver_sword":38,"minecraft:stone_sword":237,"minecraft:spruce_planks":12,"minecraft:torch":161,"minecraft:dirt":34,"minecraft:wooden_axe":26,"iceandfire:copper_axe":3,"minecraft:iron_boots":1,"tombstone:gift":5,"minecraft:cooked_beef":5,"minecraft:cobbled_deepslate":101,"naturalist:lizard_tail":1,"minecraft:cooked_mutton":4,"minecraft:mossy_cobblestone":1,"minecraft:oak_slab":2,"minecraft:crafting_table":18,"minecraft:white_bed":17,"alexsmobs:leafcutter_ant_pupa":1,"minecraft:oak_log":1,"minecraft:dark_prismarine":2,"minecraft:iron_pickaxe":598,"tombstone:magic_scroll":1,"minecraft:stone_axe":89,"minecraft:cobblestone":43,"minecraft:cooked_porkchop":23,"iceandfire:silver_shovel":29},"minecraft:picked_up":{"minecraft:iron_chestplate":1,"minecraft:wheat":11,"illagerinvasion:platinum_chunk":2,"artifacts:umbrella":1,"minecraft:oak_stairs":8,"minecraft:wither_rose":1,"minecraft:enchanted_book":1,"minecraft:brewing_stand":2,"minecraft:string":44,"minecraft:dark_oak_trapdoor":1,"minecraft:raw_copper":23,"minecraft:red_nether_bricks":5,"minecraft:experience_bottle":1,"minecraft:gold_nugget":262,"minecraft:cobbled_deepslate":993,"minecraft:calcite":4,"minecraft:iron_pickaxe":1,"minecraft:furnace":1,"minecraft:coal_block":3,"ecologics:crab_claw":3,"alexsmobs:leafcutter_ant_chamber":38,"artifacts:universal_attractor":1,"minecraft:stick":13,"born_in_chaos_v1:shattered_skull":1,"minecraft:oak_fence":2,"minecraft:torch":22,"iceandfire:silver_ore":2,"minecraft:porkchop":38,"tombstone:grave_dust":1,"minecraft:rabbit_foot":4,"luminousworld:grassflowers":1,"minecraft:stone_sword":1,"minecraft:rotten_flesh":21,"luminousworld:yellow_grassflowers":2,"iceandfire:fire_dragon_heart":1,"supplementaries:ash":17,"minecraft:iron_bars":3,"undead_revamp2:arapholia":1,"minecraft:cobblestone":97,"minecraft:birch_log":22,"minecraft:leather_chestplate":1,"minecraft:cooked_beef":17,"minecraft:jungle_log":6,"minecraft:black_bed":3,"minecraft:potato":12,"minecraft:flint":2,"minecraft:tuff":48,"supplementaries:flax_seeds":4,"naturalist:lizard_tail":1,"minecraft:lapis_lazuli":53,"minecraft:dirt":48,"minecraft:lantern":3,"minecraft:leather_boots":1,"minecraft:bone":17,"minecraft:wheat_seeds":46,"minecraft:raw_gold":7,"minecraft:rabbit":5,"minecraft:bamboo":13,"naturalist:snail_shell":1,"minecraft:cooked_porkchop":9,"luminousworld:creepberries":3,"iceandfire:dragon_skull_fire":1,"minecraft:sand":2,"minecraft:cyan_bed":14,"minecraft:loom":1,"minecraft:mossy_cobblestone":2,"minecraft:dark_prismarine":2,"minecraft:bundle":3,"minecraft:deepslate":5,"born_in_chaos_v1:fire_dust":2,"minecraft:diamond":4,"minecraft:bone_meal":1,"minecraft:golden_apple":1,"minecraft:emerald":4,"iceandfire:raw_silver":19,"minecraft:coarse_dirt":1,"minecraft:cocoa_beans":14,"luminousworld:groundpebbles_1":7,"minecraft:charcoal":8,"minecraft:crafting_table":8,"born_in_chaos_v1:diamond_termite_shard":7,"minecraft:chicken":4,"luminousworld:decorative_brown_2":3,"ecologics:seashell":2,"minecraft:brown_mushroom":7,"minecraft:stone_brick_wall":6,"minecraft:item_frame":3,"minecraft:beef":18,"minecraft:oak_boat":2,"minecraft:player_head":1,"minecraft:iron_nugget":4,"minecraft:lectern":2,"minecraft:sugar_cane":31,"minecraft:piston":1,"minecraft:stripped_mangrove_wood":3,"minecraft:raw_iron":36,"iceandfire:dragonbone":11,"iceandfire:dragonscales_gray":20,"minecraft:stone":1,"ecologics:coconut_slice":11,"iceandfire:chared_grass":1,"minecraft:note_block":4,"minecraft:spruce_fence":1,"sophisticatedbackpacks:backpack":1,"quark:deepslate_furnace":1,"minecraft:stone_button":14,"minecraft:carrot":25,"minecraft:redstone":132,"alexsmobs:leafcutter_ant_pupa":4,"minecraft:mangrove_trapdoor":4,"minecraft:dark_oak_planks":5,"minecraft:tnt":1,"luminousworld:white_oak_sapling":1,"luminousworld:decorative_brown_mushroom_1":2,"minecraft:arrow":17,"minecraft:hay_block":68,"alexscaves:spelunkery_table":1,"minecraft:glow_berries":1,"minecraft:mutton":29,"minecraft:bone_block":7,"minecraft:white_wool":23,"born_in_chaos_v1:corpse_maggot":4,"minecraft:tripwire_hook":1,"minecraft:leather":17,"minecraft:filled_map":1,"minecraft:birch_planks":10,"minecraft:oak_log":15,"iceandfire:ectoplasm":1,"minecraft:gunpowder":4,"minecraft:cooked_mutton":2,"minecraft:stone_bricks":8,"minecraft:rabbit_hide":5,"minecraft:iron_ingot":3,"earthmobsmod:fancy_feather":5,"minecraft:iron_ore":53,"minecraft:iron_sword":3,"iceandfire:fire_dragon_flesh":3,"minecraft:book":66,"minecraft:oak_slab":4,"luminousworld:clovers_1":1,"minecraft:stone_brick_slab":2,"iceandfire:ash":4,"born_in_chaos_v1:ethereal_spirit":1,"minecraft:dandelion":1,"minecraft:gravel":38,"minecraft:spruce_sapling":3,"minecraft:white_bed":14,"minecraft:spruce_log":15,"minecraft:nether_brick_slab":1,"minecraft:spider_eye":1,"minecraft:coal_ore":5,"minecraft:gray_wool":1,"tombstone:magic_scroll":3,"minecraft:damaged_anvil":1,"minecraft:coal":78},"minecraft:broken":{"minecraft:leather_leggings":1,"iceandfire:silver_pickaxe":1,"minecraft:stone_axe":1,"minecraft:iron_sword":2,"minecraft:stone_sword":1,"minecraft:iron_pickaxe":2},"minecraft:mined":{"undead_revamp2:arapholia":1,"minecraft:spruce_planks":4,"minecraft:white_bed":15,"luminousworld:autumnleaves":1,"alexsmobs:leafcutter_anthill":2,"minecraft:jungle_leaves":2,"minecraft:red_nether_bricks":5,"minecraft:brewing_stand":2,"minecraft:stone_brick_wall":1,"minecraft:grass_block":24,"minecraft:jungle_log":6,"minecraft:coal_block":3,"minecraft:chiseled_stone_bricks":1,"minecraft:spawner":3,"minecraft:dark_oak_trapdoor":1,"minecraft:iron_ore":33,"minecraft:cobbled_deepslate":7,"minecraft:fire":10,"minecraft:deepslate_lapis_ore":7,"iceandfire:gold_pile":31,"minecraft:iron_bars":2,"minecraft:oak_stairs":6,"minecraft:stripped_mangrove_wood":3,"luminousworld:decorative_brown_2":3,"minecraft:player_head":1,"minecraft:spruce_slab":1,"luminousworld:creepbush":3,"minecraft:deepslate_redstone_ore":29,"minecraft:brown_mushroom":4,"born_in_chaos_v1:infected_deepslate_diamond_ore":1,"minecraft:torch":13,"minecraft:note_block":4,"minecraft:calcite":4,"minecraft:white_stained_glass_pane":1,"minecraft:nether_brick_slab":1,"supplementaries:wild_flax":4,"minecraft:mushroom_stem":5,"minecraft:cobblestone":10,"minecraft:cyan_bed":14,"minecraft:damaged_anvil":1,"minecraft:sugar_cane":13,"minecraft:bricks":1,"minecraft:wall_torch":4,"minecraft:repeater":1,"minecraft:jungle_wood":2,"ecologics:seashell":2,"minecraft:birch_log":21,"minecraft:wheat":25,"minecraft:black_bed":3,"minecraft:tnt":1,"minecraft:wither_rose":1,"minecraft:grass":40,"minecraft:oak_log":11,"minecraft:loom":1,"minecraft:sand":1,"minecraft:dirt":23,"minecraft:tripwire_hook":2,"alexscaves:spelunkery_table":1,"minecraft:piston":1,"minecraft:oak_leaves":25,"minecraft:deepslate":798,"minecraft:dark_prismarine":3,"luminousworld:groundpebbles_1":1,"minecraft:tuff":54,"iceandfire:silver_ore":22,"minecraft:mossy_cobblestone":8,"luminousworld:grassvariant_4":7,"minecraft:deepslate_diamond_ore":4,"minecraft:dark_oak_log":3,"luminousworld:mossbuds_1":1,"born_in_chaos_v1:infected_diamond_ore":2,"minecraft:dark_oak_fence":1,"luminousworld:mossbuds_2":4,"minecraft:spruce_fence":3,"minecraft:redstone_wire":5,"luminousworld:grassvariant_2":2,"alexsmobs:leafcutter_ant_chamber":21,"minecraft:brown_mushroom_block":18,"luminousworld:decorative_brown_mushroom_1":2,"minecraft:mangrove_trapdoor":2,"luminousworld:blackberrybush":1,"minecraft:spruce_leaves":19,"minecraft:sandstone":2,"luminousworld:groundpebbles_3":3,"iceandfire:chared_grass":1,"minecraft:large_fern":8,"minecraft:hay_block":69,"minecraft:furnace":1,"minecraft:carrots":26,"luminousworld:yellow_grassflowers":2,"luminousworld:mossbuds_3":4,"minecraft:bookshelf":23,"minecraft:potatoes":4,"minecraft:deepslate_iron_ore":6,"minecraft:vine":5,"luminousworld:groundpebbles_2":1,"minecraft:bamboo":1,"minecraft:stone":86,"minecraft:bone_block":4,"minecraft:cake":1,"minecraft:oak_slab":2,"luminousworld:blueberrybush":2,"minecraft:stone_brick_slab":1,"minecraft:oak_fence":2,"minecraft:crafting_table":11,"minecraft:emerald_ore":2,"minecraft:lectern":1,"minecraft:campfire":4,"minecraft:copper_ore":6,"minecraft:tall_grass":8,"minecraft:deepslate_gold_ore":7,"supplementaries:urn":1,"minecraft:coarse_dirt":1,"minecraft:spruce_log":15,"iceandfire:ash":2,"quark:deepslate_furnace":1,"minecraft:coal_ore":82,"iceandfire:silver_pile":3,"minecraft:cocoa":9,"minecraft:gravel":13,"minecraft:cobweb":31,"minecraft:stone_bricks":2,"minecraft:fern":2},"minecraft:custom":{"minecraft:interact_with_crafting_table":81,"minecraft:open_barrel":47,"minecraft:bell_ring":1,"minecraft:leave_game":15,"minecraft:time_since_death":36756,"minecraft:sprint_one_cm":762422,"minecraft:damage_blocked_by_shield":40,"minecraft:drop":199,"minecraft:play_noteblock":4,"minecraft:talked_to_villager":4,"minecraft:play_time":379678,"minecraft:deaths":22,"minecraft:jump":4836,"minecraft:walk_on_water_one_cm":51932,"minecraft:interact_with_furnace":81,"minecraft:interact_with_cartography_table":3,"minecraft:interact_with_loom":2,"minecraft:sleep_in_bed":23,"tombstone:sneak_grave":1,"minecraft:damage_dealt":35033,"minecraft:crouch_one_cm":48530,"tombstone:undead_killed":32,"minecraft:inspect_dispenser":1,"minecraft:horse_one_cm":729592,"minecraft:interact_with_anvil":3,"minecraft:mob_kills":180,"minecraft:damage_dealt_resisted":83,"minecraft:climb_one_cm":16861,"minecraft:walk_one_cm":922650,"minecraft:sneak_time":17314,"minecraft:walk_under_water_one_cm":19827,"minecraft:boat_one_cm":43965,"minecraft:interact_with_blast_furnace":1,"minecraft:total_world_time":379678,"tombstone:raider_killed":8,"minecraft:tune_noteblock":5,"minecraft:time_since_rest":6923,"minecraft:damage_taken":10311,"minecraft:trigger_trapped_chest":3,"minecraft:swim_one_cm":52479,"minecraft:fly_one_cm":1070907,"minecraft:open_chest":76,"minecraft:fall_one_cm":31998},"minecraft:killed":{"naturalist:rattlesnake":1,"earthmobsmod:jumbo_rabbit":2,"born_in_chaos_v1:zombie_lumberjack":1,"born_in_chaos_v1:pumpkin_spirit":1,"minecraft:spider":4,"undead_revamp2:clogger":1,"creeperoverhaul:bamboo_creeper":1,"undead_revamp2:theswarmer":1,"illagerinvasion:basher":1,"naturalist:snail":1,"minecraft:skeleton":13,"friendsandfoes:glare":1,"alexsmobs:leafcutter_ant":7,"ecologics:coconut_crab":3,"born_in_chaos_v1:firelight_not_despawn":3,"artifacts:mimic":1,"minecraft:pig":23,"born_in_chaos_v1:diamond_termite":7,"minecraft:creeper":1,"luminousworld:crab":1,"minecraft:sheep":24,"minecraft:pillager":5,"minecraft:zombie":1,"born_in_chaos_v1:corpse_fly":1,"enemyexpansion:botfly":5,"minecraft:cow":13,"enemyexpansion:trollenraged":1,"enemyexpansion:intruder":1,"minecraft:vindicator":1,"illagerinvasion:marauder":1,"alexsmobs:seagull":1,"enemyexpansion:direwolf":1,"born_in_chaos_v1:maggot":7,"minecraft:horse":2,"alexsmobs:blue_jay":1,"iceandfire:fire_dragon":1,"earthmobsmod:fancy_chicken":4,"born_in_chaos_v1:corpse_fish":1,"alexsmobs:flying_fish":1,"minecraft:husk":5,"naturalist:lizard_tail":1,"undead_revamp2:the_moonflower":2,"enemyexpansion:sprinter":1,"born_in_chaos_v1:decrepit_skeleton":1,"iceandfire:ghost":6,"naturalist:lizard":1},"minecraft:dropped":{"sophisticatedbackpacks:iron_backpack":1,"minecraft:iron_sword":3,"minecraft:birch_planks":9,"minecraft:cooked_beef":4,"quark:deepslate_furnace":1,"minecraft:loom":1,"minecraft:lantern":4,"minecraft:jungle_planks":3,"minecraft:item_frame":3,"minecraft:flint":2,"minecraft:dirt":14,"minecraft:stone_button":15,"iceandfire:armor_silver_metal_leggings":1,"minecraft:wooden_sword":1,"minecraft:bone_meal":1,"iceandfire:ash":4,"minecraft:sand":9,"minecraft:dark_oak_planks":4,"minecraft:white_wool":1,"luminousworld:decorative_brown_2":2,"luminousworld:clovers_1":1,"minecraft:bone":1,"minecraft:gravel":38,"minecraft:stone_axe":1,"minecraft:iron_nugget":32,"minecraft:cobbled_deepslate":845,"undead_revamp2:arapholia":1,"minecraft:rotten_flesh":21,"minecraft:cooked_mutton":7,"minecraft:rabbit_foot":2,"minecraft:leather_chestplate":2,"supplementaries:ash":8,"luminousworld:grassflowers":1,"minecraft:gunpowder":3,"artifacts:umbrella":1,"minecraft:stone_brick_wall":6,"minecraft:leather_boots":2,"minecraft:iron_ore":23,"minecraft:iron_bars":3,"iceandfire:chared_grass":1,"iceandfire:silver_pickaxe":1,"iceandfire:manuscript":1,"minecraft:lectern":2,"minecraft:oak_slab":1,"minecraft:wheat_seeds":47,"minecraft:mangrove_trapdoor":4,"luminousworld:white_oak_sapling":1,"minecraft:mossy_cobblestone":1,"minecraft:iron_helmet":1,"minecraft:cobblestone":9,"minecraft:book":5,"ecologics:crab_claw":2,"luminousworld:decorative_brown_mushroom_1":2,"minecraft:stick":1,"minecraft:gray_wool":1,"tombstone:magic_scroll":1,"alexsmobs:leafcutter_ant_chamber":19,"iceandfire:silver_sword":1,"minecraft:wooden_axe":1,"minecraft:rabbit":1,"minecraft:oak_stairs":6,"minecraft:wither_rose":1,"minecraft:spruce_sapling":3,"minecraft:dandelion":1,"minecraft:stone_brick_slab":2,"minecraft:nether_brick_slab":1,"minecraft:furnace":1,"minecraft:coarse_dirt":1,"minecraft:stone_sword":2,"minecraft:tuff":48,"minecraft:chicken":4,"iceandfire:silver_ore":2,"minecraft:iron_boots":1,"sophisticatedbackpacks:backpack":1,"minecraft:spruce_fence":1,"iceandfire:copper_axe":1,"minecraft:filled_map":1,"aether:iron_gloves":1,"minecraft:spruce_planks":2,"minecraft:bundle":1,"luminousworld:groundpebbles_1":7,"minecraft:iron_chestplate":2,"minecraft:spider_eye":1,"minecraft:stone_bricks":8,"minecraft:bamboo":2,"minecraft:stone_pickaxe":1,"minecraft:wooden_pickaxe":1,"minecraft:cyan_bed":2},"minecraft:killed_by":{"undead_revamp2:clogger":2,"minecraft:vindicator":1,"iceandfire:fire_dragon":11,"minecraft:husk":3,"minecraft:skeleton":1,"illagerinvasion:marauder":1,"iceandfire:ghost":1},"minecraft:crafted":{"minecraft:oak_planks":68,"quark:birch_chest":2,"iceandfire:silver_shovel":1,"quark:deepslate_furnace":2,"minecraft:cooked_mutton":10,"iceandfire:copper_axe":1,"minecraft:bow":1,"minecraft:iron_boots":1,"sophisticatedbackpacks:copper_backpack":2,"iceandfire:armor_silver_metal_leggings":1,"iceandfire:silver_axe":1,"sophisticatedbackpacks:backpack":2,"minecraft:cooked_porkchop":33,"minecraft:crafting_table":11,"minecraft:spruce_planks":60,"minecraft:wooden_pickaxe":1,"minecraft:iron_helmet":1,"minecraft:spruce_door":3,"minecraft:copper_ingot":21,"minecraft:birch_planks":56,"minecraft:iron_chestplate":1,"minecraft:stick":56,"minecraft:iron_ingot":109,"minecraft:iron_pickaxe":2,"minecraft:stone_sword":2,"minecraft:gold_ingot":37,"iceandfire:silver_sword":2,"minecraft:wooden_sword":1,"minecraft:coal":27,"minecraft:furnace":5,"minecraft:bone_meal":63,"minecraft:stone_pickaxe":1,"quark:spruce_chest":3,"minecraft:wheat":108,"sophisticatedbackpacks:iron_backpack":2,"minecraft:cooked_beef":9,"iceandfire:silver_ingot":18,"sophisticatedbackpacks:gold_backpack":1,"minecraft:stone_axe":2,"minecraft:bread":39,"minecraft:air":0,"minecraft:jungle_planks":16,"minecraft:oak_boat":2,"iceandfire:bestiary":1,"minecraft:wooden_axe":1,"minecraft:white_bed":3,"minecraft:torch":124,"iceandfire:silver_pickaxe":2}},"DataVersion":3465}