{"stats":{"minecraft:used":{"minecraft:stone_sword":166,"minecraft:spruce_planks":12,"minecraft:torch":6,"luminousworld:decorative_brown_2":1,"minecraft:dirt":26,"minecraft:wooden_axe":26,"minecraft:furnace":1,"tombstone:gift":3,"naturalist:lizard_tail":1,"minecraft:spruce_door":3,"minecraft:stone_pickaxe":61,"minecraft:oak_planks":1,"minecraft:wooden_pickaxe":19,"minecraft:mossy_cobblestone":1,"minecraft:oak_slab":2,"minecraft:crafting_table":4,"minecraft:oak_log":1,"minecraft:bread":2,"minecraft:cyan_bed":10,"minecraft:iron_pickaxe":89,"minecraft:stone_axe":79,"minecraft:wooden_sword":19,"minecraft:cobblestone":5,"minecraft:cooked_porkchop":10},"minecraft:picked_up":{"luminousworld:groundpebbles_1":5,"minecraft:crafting_table":1,"illagerinvasion:platinum_chunk":2,"luminousworld:decorative_brown_2":3,"minecraft:brown_mushroom":7,"minecraft:wither_rose":1,"minecraft:enchanted_book":1,"minecraft:brewing_stand":2,"minecraft:string":4,"minecraft:item_frame":2,"minecraft:experience_bottle":1,"minecraft:beef":9,"minecraft:lectern":2,"minecraft:sugar_cane":3,"minecraft:furnace":1,"minecraft:raw_iron":18,"minecraft:porkchop":34,"luminousworld:decorative_brown_mushroom_1":2,"minecraft:arrow":6,"minecraft:mutton":10,"minecraft:iron_bars":1,"minecraft:white_wool":5,"minecraft:cobblestone":37,"born_in_chaos_v1:corpse_maggot":3,"minecraft:leather":7,"minecraft:filled_map":1,"minecraft:oak_log":6,"iceandfire:ectoplasm":1,"supplementaries:flax_seeds":3,"naturalist:lizard_tail":1,"minecraft:dirt":36,"minecraft:lantern":1,"minecraft:bone":3,"minecraft:wheat_seeds":1,"naturalist:snail_shell":1,"minecraft:book":63,"minecraft:oak_slab":2,"minecraft:spruce_sapling":3,"minecraft:spruce_log":15,"minecraft:cyan_bed":12,"minecraft:mossy_cobblestone":1,"born_in_chaos_v1:fire_dust":2,"minecraft:emerald":2,"tombstone:magic_scroll":1,"minecraft:coal":61,"iceandfire:raw_silver":10},"minecraft:broken":{"minecraft:stone_sword":1,"minecraft:stone_axe":1},"minecraft:mined":{"undead_revamp2:arapholia":1,"luminousworld:groundpebbles_1":1,"minecraft:spruce_planks":2,"iceandfire:silver_ore":10,"minecraft:mossy_cobblestone":5,"luminousworld:autumnleaves":1,"luminousworld:mossbuds_1":1,"minecraft:brewing_stand":2,"luminousworld:mossbuds_2":4,"minecraft:grass_block":14,"minecraft:brown_mushroom_block":18,"luminousworld:decorative_brown_mushroom_1":2,"luminousworld:blackberrybush":1,"minecraft:spruce_leaves":19,"luminousworld:groundpebbles_3":3,"minecraft:chiseled_stone_bricks":1,"minecraft:large_fern":8,"minecraft:furnace":1,"minecraft:iron_ore":20,"minecraft:fire":3,"luminousworld:mossbuds_3":4,"minecraft:bookshelf":22,"minecraft:vine":2,"minecraft:iron_bars":1,"luminousworld:groundpebbles_2":1,"minecraft:stone":37,"luminousworld:decorative_brown_2":3,"minecraft:oak_slab":1,"minecraft:brown_mushroom":4,"luminousworld:blueberrybush":2,"minecraft:crafting_table":3,"minecraft:emerald_ore":2,"minecraft:lectern":1,"supplementaries:wild_flax":3,"minecraft:mushroom_stem":5,"minecraft:cobblestone":1,"minecraft:cyan_bed":12,"minecraft:sugar_cane":1,"minecraft:spruce_log":15,"minecraft:wither_rose":1,"minecraft:grass":7,"minecraft:coal_ore":69,"minecraft:oak_log":6,"minecraft:dirt":20,"minecraft:cobweb":2,"minecraft:oak_leaves":5},"minecraft:killed":{"minecraft:vindicator":1,"minecraft:spider":1,"illagerinvasion:marauder":1,"illagerinvasion:basher":1,"born_in_chaos_v1:maggot":3,"naturalist:snail":1,"minecraft:skeleton":3,"minecraft:horse":2,"alexsmobs:blue_jay":1,"born_in_chaos_v1:firelight_not_despawn":3,"minecraft:pig":16,"naturalist:lizard_tail":1,"enemyexpansion:sprinter":1,"minecraft:sheep":6,"minecraft:pillager":4,"iceandfire:ghost":6,"enemyexpansion:botfly":5,"naturalist:lizard":1,"minecraft:cow":2},"minecraft:custom":{"minecraft:mob_kills":59,"minecraft:interact_with_crafting_table":17,"minecraft:open_barrel":1,"minecraft:damage_dealt_resisted":30,"minecraft:leave_game":3,"minecraft:time_since_death":74059,"minecraft:climb_one_cm":595,"minecraft:sprint_one_cm":200898,"minecraft:walk_one_cm":360184,"minecraft:drop":34,"minecraft:talked_to_villager":1,"minecraft:play_time":97197,"minecraft:deaths":3,"minecraft:sneak_time":2586,"minecraft:walk_under_water_one_cm":6729,"minecraft:jump":1241,"minecraft:walk_on_water_one_cm":14003,"minecraft:total_world_time":97197,"minecraft:interact_with_furnace":9,"tombstone:raider_killed":7,"minecraft:sleep_in_bed":10,"minecraft:time_since_rest":5975,"minecraft:damage_taken":1834,"minecraft:trigger_trapped_chest":3,"minecraft:damage_dealt":8744,"minecraft:swim_one_cm":16364,"minecraft:fly_one_cm":148464,"minecraft:open_chest":5,"minecraft:crouch_one_cm":6769,"tombstone:undead_killed":10,"minecraft:fall_one_cm":29332},"minecraft:dropped":{"minecraft:wheat_seeds":4,"minecraft:lantern":1,"luminousworld:decorative_brown_mushroom_1":2,"minecraft:dirt":10,"minecraft:wooden_axe":1,"minecraft:wooden_sword":1,"minecraft:wither_rose":1,"luminousworld:decorative_brown_2":2,"minecraft:spruce_sapling":3,"minecraft:furnace":1,"minecraft:filled_map":1,"minecraft:spruce_planks":2,"luminousworld:groundpebbles_1":5,"minecraft:iron_bars":1,"minecraft:stone_pickaxe":1,"minecraft:wooden_pickaxe":1,"minecraft:cyan_bed":1,"iceandfire:manuscript":1,"minecraft:lectern":1},"minecraft:killed_by":{"minecraft:vindicator":1,"minecraft:skeleton":1,"illagerinvasion:marauder":1},"minecraft:crafted":{"minecraft:wooden_sword":1,"minecraft:oak_planks":20,"minecraft:furnace":1,"minecraft:stone_pickaxe":1,"quark:spruce_chest":1,"sophisticatedbackpacks:backpack":1,"minecraft:cooked_porkchop":20,"minecraft:crafting_table":3,"minecraft:spruce_planks":44,"minecraft:wooden_pickaxe":1,"minecraft:spruce_door":3,"minecraft:stone_axe":1,"minecraft:air":0,"minecraft:stick":24,"minecraft:iron_pickaxe":1,"minecraft:wooden_axe":1,"minecraft:stone_sword":2,"minecraft:torch":24}},"DataVersion":3465}