{"stats":{"minecraft:used":{"minecraft:stone_sword":237,"minecraft:spruce_planks":12,"minecraft:iron_sword":16,"minecraft:torch":7,"luminousworld:decorative_brown_2":1,"minecraft:dirt":26,"minecraft:wooden_axe":26,"minecraft:furnace":3,"tombstone:gift":3,"minecraft:cooked_beef":5,"naturalist:lizard_tail":1,"minecraft:cooked_mutton":3,"minecraft:spruce_door":3,"minecraft:stone_pickaxe":61,"minecraft:oak_planks":6,"minecraft:wooden_pickaxe":19,"minecraft:mossy_cobblestone":1,"minecraft:oak_slab":2,"minecraft:crafting_table":7,"minecraft:oak_log":1,"minecraft:bread":6,"minecraft:cyan_bed":11,"minecraft:iron_pickaxe":106,"minecraft:stone_axe":89,"minecraft:wooden_sword":19,"minecraft:cobblestone":5,"minecraft:cooked_porkchop":11,"minecraft:oak_boat":2},"minecraft:picked_up":{"luminousworld:groundpebbles_1":5,"minecraft:crafting_table":3,"luminousworld:decorative_brown_2":3,"illagerinvasion:platinum_chunk":2,"minecraft:chicken":4,"minecraft:brown_mushroom":7,"artifacts:umbrella":1,"minecraft:oak_stairs":2,"minecraft:stone_brick_wall":6,"minecraft:wither_rose":1,"minecraft:enchanted_book":1,"minecraft:brewing_stand":2,"minecraft:string":4,"minecraft:raw_copper":23,"minecraft:item_frame":2,"minecraft:experience_bottle":1,"minecraft:beef":16,"minecraft:oak_boat":1,"minecraft:iron_nugget":4,"minecraft:lectern":2,"minecraft:sugar_cane":3,"minecraft:furnace":1,"minecraft:raw_iron":18,"born_in_chaos_v1:shattered_skull":1,"minecraft:porkchop":35,"minecraft:stone_button":14,"minecraft:rabbit_foot":2,"minecraft:stone_sword":1,"luminousworld:decorative_brown_mushroom_1":2,"minecraft:arrow":6,"minecraft:rotten_flesh":3,"minecraft:mutton":10,"minecraft:iron_bars":1,"minecraft:white_wool":5,"minecraft:cobblestone":46,"born_in_chaos_v1:corpse_maggot":3,"minecraft:leather_chestplate":1,"minecraft:leather":10,"minecraft:filled_map":1,"minecraft:flint":1,"minecraft:oak_log":15,"supplementaries:flax_seeds":3,"iceandfire:ectoplasm":1,"naturalist:lizard_tail":1,"minecraft:dirt":37,"minecraft:lantern":3,"minecraft:leather_boots":1,"minecraft:bone":3,"minecraft:stone_bricks":5,"minecraft:wheat_seeds":3,"minecraft:rabbit_hide":5,"earthmobsmod:fancy_feather":5,"minecraft:iron_ingot":2,"minecraft:rabbit":3,"naturalist:snail_shell":1,"minecraft:iron_sword":1,"minecraft:book":63,"minecraft:oak_slab":2,"minecraft:dandelion":1,"minecraft:spruce_sapling":3,"minecraft:spruce_log":15,"minecraft:cyan_bed":12,"minecraft:mossy_cobblestone":1,"minecraft:bundle":1,"born_in_chaos_v1:fire_dust":2,"minecraft:emerald":3,"tombstone:magic_scroll":1,"minecraft:damaged_anvil":1,"minecraft:coal":61,"iceandfire:raw_silver":10},"minecraft:broken":{"minecraft:stone_sword":1,"minecraft:stone_axe":1},"minecraft:mined":{"undead_revamp2:arapholia":1,"luminousworld:groundpebbles_1":1,"minecraft:spruce_planks":2,"iceandfire:silver_ore":10,"minecraft:mossy_cobblestone":5,"luminousworld:autumnleaves":1,"luminousworld:mossbuds_1":1,"minecraft:brewing_stand":2,"luminousworld:mossbuds_2":4,"minecraft:grass_block":15,"minecraft:stone_brick_wall":1,"minecraft:brown_mushroom_block":18,"luminousworld:decorative_brown_mushroom_1":2,"luminousworld:blackberrybush":1,"minecraft:spruce_leaves":19,"luminousworld:groundpebbles_3":3,"minecraft:chiseled_stone_bricks":1,"minecraft:large_fern":8,"minecraft:furnace":1,"minecraft:iron_ore":20,"minecraft:fire":3,"luminousworld:mossbuds_3":4,"minecraft:bookshelf":22,"minecraft:vine":2,"minecraft:iron_bars":1,"luminousworld:groundpebbles_2":1,"minecraft:stone":46,"luminousworld:decorative_brown_2":3,"minecraft:cake":1,"minecraft:oak_slab":1,"minecraft:brown_mushroom":4,"luminousworld:blueberrybush":2,"minecraft:crafting_table":5,"minecraft:emerald_ore":2,"supplementaries:wild_flax":3,"minecraft:lectern":1,"minecraft:mushroom_stem":5,"minecraft:copper_ore":6,"minecraft:cobblestone":1,"minecraft:cyan_bed":12,"minecraft:sugar_cane":1,"minecraft:damaged_anvil":1,"minecraft:spruce_log":15,"minecraft:wither_rose":1,"minecraft:grass":9,"minecraft:oak_log":11,"minecraft:coal_ore":69,"minecraft:gravel":1,"minecraft:dirt":20,"minecraft:cobweb":3,"minecraft:oak_leaves":8},"minecraft:killed":{"earthmobsmod:jumbo_rabbit":2,"minecraft:spider":3,"minecraft:vindicator":1,"illagerinvasion:marauder":1,"enemyexpansion:direwolf":1,"illagerinvasion:basher":1,"born_in_chaos_v1:maggot":3,"naturalist:snail":1,"minecraft:skeleton":4,"minecraft:horse":2,"alexsmobs:blue_jay":1,"earthmobsmod:fancy_chicken":4,"born_in_chaos_v1:firelight_not_despawn":3,"minecraft:pig":17,"naturalist:lizard_tail":1,"undead_revamp2:the_moonflower":1,"enemyexpansion:sprinter":1,"minecraft:sheep":6,"minecraft:pillager":5,"iceandfire:ghost":6,"enemyexpansion:botfly":5,"naturalist:lizard":1,"minecraft:cow":5},"minecraft:custom":{"minecraft:mob_kills":75,"minecraft:interact_with_crafting_table":25,"minecraft:open_barrel":1,"minecraft:damage_dealt_resisted":38,"minecraft:leave_game":5,"minecraft:time_since_death":25808,"minecraft:climb_one_cm":595,"minecraft:sprint_one_cm":289242,"minecraft:walk_one_cm":445176,"minecraft:drop":64,"minecraft:talked_to_villager":1,"minecraft:play_time":132223,"minecraft:deaths":6,"minecraft:sneak_time":2947,"minecraft:walk_under_water_one_cm":7108,"minecraft:boat_one_cm":32175,"minecraft:jump":1958,"minecraft:walk_on_water_one_cm":17265,"minecraft:total_world_time":132223,"minecraft:interact_with_furnace":47,"tombstone:raider_killed":8,"minecraft:sleep_in_bed":10,"minecraft:time_since_rest":24814,"minecraft:damage_taken":3465,"minecraft:trigger_trapped_chest":3,"minecraft:damage_dealt":11873,"minecraft:swim_one_cm":32637,"minecraft:fly_one_cm":352219,"minecraft:open_chest":6,"minecraft:crouch_one_cm":7368,"tombstone:undead_killed":12,"minecraft:fall_one_cm":30710,"minecraft:horse_one_cm":152763},"minecraft:dropped":{"minecraft:wheat_seeds":6,"minecraft:cooked_beef":4,"minecraft:lantern":1,"luminousworld:decorative_brown_mushroom_1":2,"minecraft:dirt":10,"minecraft:stone_button":15,"minecraft:wooden_axe":1,"minecraft:rabbit":1,"minecraft:wooden_sword":1,"minecraft:wither_rose":1,"luminousworld:decorative_brown_2":2,"minecraft:spruce_sapling":3,"minecraft:dandelion":1,"minecraft:furnace":1,"minecraft:stone_axe":1,"minecraft:stone_sword":2,"minecraft:rotten_flesh":3,"minecraft:cooked_mutton":7,"minecraft:filled_map":1,"minecraft:leather_chestplate":2,"artifacts:umbrella":1,"minecraft:spruce_planks":2,"luminousworld:groundpebbles_1":5,"minecraft:stone_brick_wall":6,"minecraft:leather_boots":2,"minecraft:stone_bricks":7,"minecraft:iron_bars":1,"minecraft:wooden_pickaxe":1,"minecraft:stone_pickaxe":1,"minecraft:cyan_bed":1,"iceandfire:manuscript":1,"minecraft:lectern":1},"minecraft:killed_by":{"minecraft:vindicator":1,"minecraft:skeleton":1,"illagerinvasion:marauder":1,"iceandfire:ghost":1,"iceandfire:fire_dragon":2},"minecraft:crafted":{"minecraft:wooden_sword":1,"minecraft:oak_planks":64,"minecraft:furnace":3,"minecraft:cooked_mutton":10,"minecraft:iron_boots":1,"minecraft:stone_pickaxe":1,"quark:spruce_chest":1,"minecraft:cooked_beef":9,"sophisticatedbackpacks:backpack":1,"minecraft:cooked_porkchop":33,"minecraft:crafting_table":5,"minecraft:spruce_planks":44,"minecraft:wooden_pickaxe":1,"minecraft:spruce_door":3,"minecraft:stone_axe":2,"minecraft:air":0,"minecraft:oak_boat":2,"minecraft:iron_chestplate":1,"minecraft:stick":24,"minecraft:iron_ingot":18,"minecraft:iron_pickaxe":1,"minecraft:wooden_axe":1,"minecraft:stone_sword":2,"minecraft:white_bed":1,"minecraft:torch":24}},"DataVersion":3465}