{"stats":{"minecraft:dropped":{"minecraft:torch":3,"luckytntmod:smoke_tnt":2,"luckytntmod:nether_grove_dynamite":1,"minecraft:flint_and_steel":4},"minecraft:mined":{"minecraft:grass":12},"minecraft:killed":{"minecraft:sheep":16,"minecraft:skeleton":6,"minecraft:zombie":1,"minecraft:pig":4,"minecraft:bee":2,"minecraft:chicken":23,"minecraft:rabbit":8,"minecraft:spider":1,"minecraft:bat":1,"minecraft:turtle":2,"minecraft:creeper":7,"minecraft:cow":5},"minecraft:picked_up":{"minecraft:pink_petals":4,"minecraft:pink_concrete":6,"minecraft:light_blue_concrete":9,"minecraft:repeater":1,"minecraft:yellow_concrete":11,"minecraft:leather":2,"minecraft:torch":3,"minecraft:lime_concrete":13,"minecraft:poisonous_potato":1,"minecraft:potato":2,"minecraft:crimson_fungus":1,"minecraft:brown_concrete":9,"luckytntmod:red_candy":12,"minecraft:blue_concrete":10,"minecraft:carrot":9,"minecraft:lapis_lazuli":6,"minecraft:orange_concrete":11,"luckytntmod:nuclear_waste":2,"minecraft:flint_and_steel":1,"luckytntmod:green_candy":8,"minecraft:pumpkin_seeds":3,"minecraft:green_concrete":11,"luckytntmod:yellow_candy":4,"minecraft:beetroot":1,"luckytntmod:purple_candy":3,"minecraft:beetroot_seeds":4,"minecraft:wheat_seeds":3,"minecraft:peony":3,"minecraft:gold_nugget":1,"minecraft:iron_ingot":6,"minecraft:beef":2,"luckytntmod:blue_candy":14,"minecraft:emerald":4,"minecraft:poppy":1,"luckytntmod:smoke_tnt":1,"minecraft:melon_seeds":5,"minecraft:cyan_concrete":8,"minecraft:magenta_concrete":11,"minecraft:red_concrete":10,"minecraft:cod":1,"minecraft:purple_concrete":13},"minecraft:custom":{"minecraft:time_since_rest":119685,"minecraft:sprint_one_cm":9118,"minecraft:walk_one_cm":39554,"minecraft:mob_kills":98,"minecraft:drop":10,"minecraft:damage_dealt":64,"minecraft:swim_one_cm":9762,"minecraft:fly_one_cm":727115,"minecraft:crouch_one_cm":727,"minecraft:play_time":119685,"minecraft:walk_under_water_one_cm":14397,"minecraft:sneak_time":955,"minecraft:jump":168,"minecraft:leave_game":3,"minecraft:time_since_death":119685,"minecraft:walk_on_water_one_cm":2848,"minecraft:total_world_time":119685},"minecraft:used":{"luckytntmod:illuminati_tnt":1,"luckytntmod:aether_tnt":1,"luckytntmod:wool_tnt":2,"minecraft:sea_lantern":38,"minecraft:firework_rocket":84,"minecraft:flint_and_steel":21,"minecraft:grass_block":36,"luckytntmod:smoke_tnt":2,"minecraft:magenta_concrete":220,"minecraft:stone":41,"minecraft:pink_concrete":38,"minecraft:torch":8,"minecraft:repeater":1,"minecraft:yellow_terracotta":80,"luckytntmod:rainbow_firework":3,"minecraft:white_concrete":33,"luckytntmod:meteor_storm":1}},"DataVersion":3465}