{"stats":{"minecraft:used":{"minecraft:stone_sword":120,"minecraft:spruce_door":1,"minecraft:stone_pickaxe":61,"minecraft:spruce_planks":12,"minecraft:wooden_pickaxe":19,"minecraft:torch":2,"minecraft:mossy_cobblestone":1,"luminousworld:decorative_brown_2":1,"minecraft:dirt":12,"minecraft:oak_slab":2,"minecraft:crafting_table":3,"minecraft:oak_log":1,"minecraft:wooden_axe":26,"minecraft:cyan_bed":6,"minecraft:iron_pickaxe":35,"minecraft:stone_axe":18,"minecraft:wooden_sword":19,"minecraft:cobblestone":5,"minecraft:furnace":1,"minecraft:cooked_porkchop":3,"tombstone:gift":1},"minecraft:picked_up":{"luminousworld:groundpebbles_1":5,"minecraft:crafting_table":1,"luminousworld:decorative_brown_2":3,"minecraft:brown_mushroom":4,"minecraft:filled_map":1,"minecraft:wither_rose":1,"minecraft:oak_log":6,"supplementaries:flax_seeds":3,"minecraft:brewing_stand":2,"minecraft:dirt":22,"minecraft:string":3,"minecraft:lantern":1,"minecraft:bone":3,"minecraft:wheat_seeds":1,"minecraft:lectern":1,"minecraft:sugar_cane":3,"naturalist:snail_shell":1,"minecraft:book":63,"minecraft:oak_slab":2,"minecraft:raw_iron":2,"minecraft:porkchop":22,"minecraft:spruce_sapling":3,"minecraft:cyan_bed":6,"minecraft:spruce_log":15,"minecraft:mossy_cobblestone":1,"luminousworld:decorative_brown_mushroom_1":2,"minecraft:arrow":4,"born_in_chaos_v1:fire_dust":2,"tombstone:magic_scroll":1,"minecraft:iron_bars":1,"minecraft:coal":52,"minecraft:cobblestone":29},"minecraft:mined":{"luminousworld:groundpebbles_1":1,"minecraft:oak_slab":1,"minecraft:spruce_planks":2,"minecraft:brown_mushroom":4,"minecraft:mossy_cobblestone":5,"luminousworld:blueberrybush":2,"luminousworld:mossbuds_1":1,"minecraft:brewing_stand":2,"minecraft:crafting_table":2,"luminousworld:mossbuds_2":4,"minecraft:grass_block":11,"supplementaries:wild_flax":3,"minecraft:lectern":1,"luminousworld:decorative_brown_mushroom_1":2,"minecraft:cobblestone":1,"luminousworld:blackberrybush":1,"minecraft:spruce_leaves":19,"minecraft:cyan_bed":7,"minecraft:sugar_cane":1,"luminousworld:groundpebbles_3":3,"minecraft:large_fern":8,"minecraft:iron_ore":3,"minecraft:fire":3,"minecraft:spruce_log":15,"luminousworld:mossbuds_3":4,"minecraft:wither_rose":1,"minecraft:grass":4,"minecraft:bookshelf":22,"minecraft:oak_log":6,"minecraft:coal_ore":60,"minecraft:vine":1,"minecraft:iron_bars":1,"minecraft:dirt":14,"minecraft:cobweb":1,"luminousworld:groundpebbles_2":1,"luminousworld:decorative_brown_2":3,"minecraft:stone":29,"minecraft:oak_leaves":5},"minecraft:killed":{"minecraft:pig":9,"minecraft:spider":1,"minecraft:vindicator":1,"illagerinvasion:marauder":1,"illagerinvasion:basher":1,"naturalist:snail":1,"minecraft:skeleton":2,"alexsmobs:blue_jay":1,"iceandfire:ghost":4,"born_in_chaos_v1:firelight_not_despawn":3},"minecraft:custom":{"minecraft:interact_with_furnace":3,"minecraft:mob_kills":24,"tombstone:raider_killed":3,"minecraft:interact_with_crafting_table":9,"minecraft:open_barrel":1,"minecraft:leave_game":3,"minecraft:time_since_death":38059,"minecraft:sleep_in_bed":6,"minecraft:climb_one_cm":595,"minecraft:time_since_rest":12003,"minecraft:sprint_one_cm":110019,"minecraft:damage_taken":1060,"minecraft:walk_one_cm":218838,"minecraft:trigger_trapped_chest":2,"minecraft:drop":13,"minecraft:damage_dealt":4321,"minecraft:swim_one_cm":4878,"minecraft:fly_one_cm":55626,"minecraft:play_time":61197,"minecraft:crouch_one_cm":4123,"tombstone:undead_killed":6,"minecraft:deaths":3,"minecraft:sneak_time":1668,"minecraft:walk_under_water_one_cm":4672,"minecraft:jump":567,"minecraft:walk_on_water_one_cm":9436,"minecraft:total_world_time":61197,"minecraft:fall_one_cm":11503},"minecraft:dropped":{"minecraft:wheat_seeds":4,"minecraft:lantern":1,"luminousworld:decorative_brown_mushroom_1":2,"minecraft:filled_map":1,"minecraft:spruce_planks":2,"minecraft:wooden_axe":1,"minecraft:wooden_sword":1,"minecraft:wooden_pickaxe":1,"minecraft:stone_pickaxe":1},"minecraft:killed_by":{"minecraft:vindicator":1,"minecraft:skeleton":1,"illagerinvasion:marauder":1},"minecraft:crafted":{"minecraft:wooden_sword":1,"minecraft:oak_planks":12,"minecraft:cooked_porkchop":11,"minecraft:crafting_table":2,"minecraft:spruce_planks":36,"minecraft:wooden_pickaxe":1,"minecraft:spruce_door":3,"minecraft:furnace":1,"minecraft:stone_axe":1,"minecraft:air":0,"minecraft:stick":20,"minecraft:iron_pickaxe":1,"minecraft:stone_pickaxe":1,"minecraft:wooden_axe":1,"minecraft:stone_sword":1,"minecraft:torch":24}},"DataVersion":3465}