{"stats":{"minecraft:picked_up":{"minecraft:spruce_log":5},"minecraft:used":{"minecraft:crafting_table":1},"minecraft:crafted":{"minecraft:wooden_sword":1,"minecraft:crafting_table":1,"minecraft:spruce_planks":20,"minecraft:stick":4},"minecraft:custom":{"minecraft:time_since_rest":1868,"minecraft:crouch_one_cm":649,"minecraft:sprint_one_cm":1080,"minecraft:play_time":1868,"minecraft:damage_taken":20,"minecraft:time_since_death":1868,"minecraft:walk_one_cm":3811,"minecraft:sneak_time":162,"minecraft:total_world_time":1868,"minecraft:interact_with_crafting_table":1,"minecraft:fall_one_cm":753},"minecraft:mined":{"minecraft:spruce_leaves":3,"luminousworld:groundpebbles_1":1,"minecraft:spruce_log":5}},"DataVersion":3465}