{"stats":{"minecraft:used":{"naturalist:lizard_tail":1,"minecraft:stone_sword":128,"minecraft:spruce_door":3,"minecraft:stone_pickaxe":61,"minecraft:spruce_planks":12,"minecraft:wooden_pickaxe":19,"minecraft:torch":6,"minecraft:mossy_cobblestone":1,"luminousworld:decorative_brown_2":1,"minecraft:dirt":26,"minecraft:oak_slab":2,"minecraft:crafting_table":3,"minecraft:oak_log":1,"minecraft:wooden_axe":26,"minecraft:cyan_bed":8,"minecraft:iron_pickaxe":86,"minecraft:stone_axe":70,"minecraft:wooden_sword":19,"minecraft:cobblestone":5,"minecraft:furnace":1,"minecraft:cooked_porkchop":7,"tombstone:gift":1},"minecraft:picked_up":{"born_in_chaos_v1:corpse_maggot":3,"luminousworld:groundpebbles_1":5,"minecraft:crafting_table":1,"luminousworld:decorative_brown_2":3,"minecraft:brown_mushroom":7,"minecraft:filled_map":1,"minecraft:wither_rose":1,"minecraft:oak_log":6,"supplementaries:flax_seeds":3,"minecraft:brewing_stand":2,"naturalist:lizard_tail":1,"minecraft:dirt":31,"minecraft:string":3,"minecraft:lantern":1,"minecraft:bone":3,"minecraft:wheat_seeds":1,"minecraft:beef":9,"minecraft:lectern":1,"minecraft:sugar_cane":3,"naturalist:snail_shell":1,"minecraft:furnace":1,"minecraft:book":63,"minecraft:oak_slab":2,"minecraft:raw_iron":18,"minecraft:porkchop":34,"minecraft:spruce_sapling":3,"minecraft:cyan_bed":9,"minecraft:spruce_log":15,"minecraft:mossy_cobblestone":1,"luminousworld:decorative_brown_mushroom_1":2,"minecraft:arrow":6,"born_in_chaos_v1:fire_dust":2,"tombstone:magic_scroll":1,"minecraft:mutton":10,"minecraft:iron_bars":1,"minecraft:coal":61,"minecraft:white_wool":5,"iceandfire:raw_silver":10,"minecraft:cobblestone":37},"minecraft:broken":{"minecraft:stone_sword":1},"minecraft:mined":{"undead_revamp2:arapholia":1,"luminousworld:groundpebbles_1":1,"minecraft:oak_slab":1,"minecraft:spruce_planks":2,"minecraft:brown_mushroom":4,"iceandfire:silver_ore":10,"minecraft:mossy_cobblestone":5,"luminousworld:autumnleaves":1,"luminousworld:blueberrybush":2,"luminousworld:mossbuds_1":1,"minecraft:brewing_stand":2,"minecraft:crafting_table":2,"minecraft:emerald_ore":2,"luminousworld:mossbuds_2":4,"minecraft:grass_block":14,"supplementaries:wild_flax":3,"minecraft:lectern":1,"minecraft:mushroom_stem":5,"minecraft:brown_mushroom_block":18,"luminousworld:decorative_brown_mushroom_1":2,"minecraft:cobblestone":1,"luminousworld:blackberrybush":1,"minecraft:spruce_leaves":19,"minecraft:cyan_bed":10,"minecraft:sugar_cane":1,"luminousworld:groundpebbles_3":3,"minecraft:large_fern":8,"minecraft:furnace":1,"minecraft:iron_ore":20,"minecraft:fire":3,"minecraft:spruce_log":15,"luminousworld:mossbuds_3":4,"minecraft:wither_rose":1,"minecraft:grass":4,"minecraft:bookshelf":22,"minecraft:oak_log":6,"minecraft:coal_ore":69,"minecraft:vine":1,"minecraft:iron_bars":1,"minecraft:dirt":20,"minecraft:cobweb":1,"luminousworld:groundpebbles_2":1,"luminousworld:decorative_brown_2":3,"minecraft:stone":37,"minecraft:oak_leaves":5},"minecraft:killed":{"minecraft:pig":16,"naturalist:lizard_tail":1,"minecraft:spider":1,"minecraft:vindicator":1,"illagerinvasion:marauder":1,"enemyexpansion:sprinter":1,"illagerinvasion:basher":1,"born_in_chaos_v1:maggot":3,"naturalist:snail":1,"minecraft:sheep":6,"minecraft:skeleton":3,"alexsmobs:blue_jay":1,"iceandfire:ghost":4,"enemyexpansion:botfly":5,"naturalist:lizard":1,"born_in_chaos_v1:firelight_not_despawn":3,"minecraft:cow":2},"minecraft:custom":{"minecraft:interact_with_furnace":9,"minecraft:mob_kills":51,"tombstone:raider_killed":3,"minecraft:interact_with_crafting_table":9,"minecraft:open_barrel":1,"minecraft:damage_dealt_resisted":30,"minecraft:leave_game":3,"minecraft:time_since_death":62059,"minecraft:sleep_in_bed":9,"minecraft:climb_one_cm":595,"minecraft:time_since_rest":7104,"minecraft:sprint_one_cm":167255,"minecraft:damage_taken":1485,"minecraft:walk_one_cm":322632,"minecraft:trigger_trapped_chest":2,"minecraft:drop":20,"minecraft:damage_dealt":6657,"minecraft:swim_one_cm":7300,"minecraft:fly_one_cm":111428,"minecraft:play_time":85197,"minecraft:crouch_one_cm":6377,"tombstone:undead_killed":8,"minecraft:deaths":3,"minecraft:sneak_time":2488,"minecraft:walk_under_water_one_cm":6291,"minecraft:jump":1064,"minecraft:walk_on_water_one_cm":10589,"minecraft:total_world_time":85197,"minecraft:fall_one_cm":24289},"minecraft:dropped":{"minecraft:wheat_seeds":4,"minecraft:lantern":1,"luminousworld:decorative_brown_mushroom_1":2,"minecraft:filled_map":1,"minecraft:spruce_planks":2,"minecraft:wooden_axe":1,"minecraft:wither_rose":1,"minecraft:iron_bars":1,"minecraft:wooden_sword":1,"minecraft:wooden_pickaxe":1,"minecraft:stone_pickaxe":1,"luminousworld:decorative_brown_2":2,"minecraft:spruce_sapling":3},"minecraft:killed_by":{"minecraft:vindicator":1,"minecraft:skeleton":1,"illagerinvasion:marauder":1},"minecraft:crafted":{"minecraft:wooden_sword":1,"minecraft:oak_planks":20,"minecraft:cooked_porkchop":20,"minecraft:crafting_table":2,"minecraft:spruce_planks":36,"minecraft:wooden_pickaxe":1,"minecraft:spruce_door":3,"minecraft:furnace":1,"minecraft:stone_axe":1,"minecraft:air":0,"minecraft:stick":20,"minecraft:iron_pickaxe":1,"minecraft:stone_pickaxe":1,"minecraft:wooden_axe":1,"minecraft:stone_sword":1,"minecraft:torch":24}},"DataVersion":3465}