{"stats":{"minecraft:used":{"minecraft:iron_sword":274,"luminousworld:decorative_brown_2":1,"minecraft:stone_bricks":2,"minecraft:furnace":5,"minecraft:spruce_door":3,"minecraft:stone_pickaxe":61,"minecraft:oak_planks":6,"minecraft:wooden_pickaxe":19,"minecraft:black_bed":3,"iceandfire:silver_axe":27,"iceandfire:silver_pickaxe":611,"minecraft:firework_rocket":1,"minecraft:bread":26,"minecraft:cyan_bed":11,"minecraft:wooden_sword":19,"minecraft:oak_boat":3,"minecraft:oak_fence":1,"minecraft:stone_sword":237,"iceandfire:silver_sword":33,"minecraft:spruce_planks":12,"minecraft:torch":108,"minecraft:dirt":33,"minecraft:wooden_axe":26,"iceandfire:copper_axe":3,"tombstone:gift":5,"minecraft:cooked_beef":5,"minecraft:cobbled_deepslate":18,"naturalist:lizard_tail":1,"minecraft:cooked_mutton":3,"minecraft:mossy_cobblestone":1,"minecraft:oak_slab":2,"minecraft:crafting_table":14,"minecraft:white_bed":11,"alexsmobs:leafcutter_ant_pupa":1,"minecraft:oak_log":1,"minecraft:dark_prismarine":2,"minecraft:iron_pickaxe":502,"minecraft:stone_axe":89,"minecraft:cobblestone":43,"minecraft:cooked_porkchop":22,"iceandfire:silver_shovel":26},"minecraft:picked_up":{"minecraft:wheat":11,"illagerinvasion:platinum_chunk":2,"artifacts:umbrella":1,"minecraft:oak_stairs":2,"minecraft:wither_rose":1,"minecraft:enchanted_book":1,"minecraft:brewing_stand":2,"minecraft:string":16,"minecraft:raw_copper":23,"minecraft:experience_bottle":1,"minecraft:cobbled_deepslate":841,"minecraft:iron_pickaxe":1,"minecraft:coal_block":3,"minecraft:furnace":1,"ecologics:crab_claw":3,"alexsmobs:leafcutter_ant_chamber":19,"minecraft:stick":11,"born_in_chaos_v1:shattered_skull":1,"minecraft:oak_fence":1,"minecraft:torch":21,"minecraft:porkchop":38,"minecraft:rabbit_foot":4,"minecraft:stone_sword":1,"minecraft:rotten_flesh":12,"minecraft:iron_bars":1,"undead_revamp2:arapholia":1,"minecraft:cobblestone":96,"minecraft:leather_chestplate":1,"minecraft:jungle_log":6,"minecraft:black_bed":3,"minecraft:potato":12,"minecraft:flint":2,"minecraft:tuff":48,"supplementaries:flax_seeds":4,"naturalist:lizard_tail":1,"minecraft:lantern":3,"minecraft:lapis_lazuli":53,"minecraft:dirt":44,"minecraft:leather_boots":1,"minecraft:bone":6,"minecraft:wheat_seeds":46,"minecraft:raw_gold":7,"minecraft:bamboo":13,"minecraft:rabbit":5,"naturalist:snail_shell":1,"luminousworld:creepberries":3,"minecraft:sand":2,"minecraft:loom":1,"minecraft:cyan_bed":12,"minecraft:mossy_cobblestone":1,"minecraft:dark_prismarine":2,"minecraft:bundle":2,"born_in_chaos_v1:fire_dust":2,"minecraft:diamond":4,"minecraft:bone_meal":1,"minecraft:emerald":4,"iceandfire:raw_silver":18,"minecraft:coarse_dirt":1,"minecraft:cocoa_beans":14,"luminousworld:groundpebbles_1":5,"minecraft:charcoal":8,"minecraft:crafting_table":7,"born_in_chaos_v1:diamond_termite_shard":5,"luminousworld:decorative_brown_2":3,"minecraft:chicken":4,"ecologics:seashell":2,"minecraft:brown_mushroom":7,"minecraft:stone_brick_wall":6,"minecraft:item_frame":2,"minecraft:beef":18,"minecraft:oak_boat":2,"minecraft:iron_nugget":4,"minecraft:lectern":2,"minecraft:sugar_cane":27,"minecraft:raw_iron":36,"ecologics:coconut_slice":11,"minecraft:spruce_fence":1,"minecraft:note_block":4,"sophisticatedbackpacks:backpack":1,"minecraft:stone_button":14,"minecraft:carrot":25,"minecraft:redstone":132,"alexsmobs:leafcutter_ant_pupa":4,"luminousworld:decorative_brown_mushroom_1":2,"minecraft:arrow":8,"minecraft:hay_block":68,"minecraft:mutton":29,"minecraft:white_wool":15,"born_in_chaos_v1:corpse_maggot":3,"minecraft:leather":10,"minecraft:filled_map":1,"minecraft:oak_log":15,"iceandfire:ectoplasm":1,"minecraft:gunpowder":2,"minecraft:stone_bricks":8,"minecraft:rabbit_hide":5,"earthmobsmod:fancy_feather":5,"minecraft:iron_ingot":2,"minecraft:iron_sword":3,"minecraft:book":63,"minecraft:oak_slab":3,"luminousworld:clovers_1":1,"minecraft:stone_brick_slab":2,"born_in_chaos_v1:ethereal_spirit":1,"minecraft:dandelion":1,"minecraft:gravel":38,"minecraft:spruce_sapling":3,"minecraft:white_bed":9,"minecraft:spruce_log":15,"minecraft:spider_eye":1,"minecraft:gray_wool":1,"tombstone:magic_scroll":2,"minecraft:damaged_anvil":1,"minecraft:coal":61},"minecraft:broken":{"minecraft:leather_leggings":1,"iceandfire:silver_pickaxe":1,"minecraft:stone_axe":1,"minecraft:iron_sword":1,"minecraft:stone_sword":1,"minecraft:iron_pickaxe":2},"minecraft:mined":{"undead_revamp2:arapholia":1,"minecraft:spruce_planks":2,"minecraft:white_bed":10,"luminousworld:autumnleaves":1,"alexsmobs:leafcutter_anthill":2,"minecraft:jungle_leaves":1,"minecraft:brewing_stand":2,"minecraft:grass_block":21,"minecraft:stone_brick_wall":1,"minecraft:jungle_log":6,"minecraft:coal_block":3,"minecraft:chiseled_stone_bricks":1,"minecraft:iron_ore":33,"minecraft:cobbled_deepslate":4,"minecraft:fire":7,"minecraft:deepslate_lapis_ore":7,"minecraft:iron_bars":1,"luminousworld:decorative_brown_2":3,"luminousworld:creepbush":3,"minecraft:deepslate_redstone_ore":29,"minecraft:brown_mushroom":4,"minecraft:torch":13,"minecraft:note_block":4,"minecraft:white_stained_glass_pane":1,"supplementaries:wild_flax":4,"minecraft:mushroom_stem":5,"minecraft:cobblestone":10,"minecraft:cyan_bed":12,"minecraft:sugar_cane":11,"minecraft:damaged_anvil":1,"minecraft:bricks":1,"minecraft:wall_torch":3,"minecraft:repeater":1,"ecologics:seashell":2,"minecraft:wheat":25,"minecraft:black_bed":3,"minecraft:wither_rose":1,"minecraft:grass":36,"minecraft:oak_log":11,"minecraft:loom":1,"minecraft:sand":1,"minecraft:dirt":22,"minecraft:oak_leaves":15,"minecraft:deepslate":791,"minecraft:dark_prismarine":3,"luminousworld:groundpebbles_1":1,"minecraft:tuff":54,"iceandfire:silver_ore":19,"minecraft:mossy_cobblestone":5,"minecraft:deepslate_diamond_ore":4,"luminousworld:grassvariant_4":1,"luminousworld:mossbuds_1":1,"born_in_chaos_v1:infected_diamond_ore":2,"luminousworld:mossbuds_2":4,"minecraft:spruce_fence":1,"minecraft:redstone_wire":5,"alexsmobs:leafcutter_ant_chamber":21,"luminousworld:grassvariant_2":2,"minecraft:brown_mushroom_block":18,"luminousworld:decorative_brown_mushroom_1":2,"luminousworld:blackberrybush":1,"minecraft:spruce_leaves":19,"minecraft:sandstone":2,"luminousworld:groundpebbles_3":3,"minecraft:large_fern":8,"minecraft:hay_block":67,"minecraft:furnace":1,"minecraft:carrots":26,"luminousworld:mossbuds_3":4,"minecraft:bookshelf":22,"minecraft:potatoes":4,"minecraft:deepslate_iron_ore":6,"minecraft:vine":4,"luminousworld:groundpebbles_2":1,"minecraft:bamboo":1,"minecraft:stone":81,"minecraft:cake":1,"minecraft:oak_slab":1,"luminousworld:blueberrybush":2,"minecraft:stone_brick_slab":1,"minecraft:oak_fence":1,"minecraft:crafting_table":10,"minecraft:emerald_ore":2,"minecraft:lectern":1,"minecraft:campfire":4,"minecraft:tall_grass":6,"minecraft:copper_ore":6,"minecraft:deepslate_gold_ore":7,"minecraft:coarse_dirt":1,"minecraft:spruce_log":15,"minecraft:coal_ore":69,"minecraft:cocoa":9,"minecraft:gravel":13,"minecraft:cobweb":3,"minecraft:stone_bricks":1,"minecraft:fern":2},"minecraft:custom":{"minecraft:interact_with_crafting_table":61,"minecraft:open_barrel":2,"minecraft:bell_ring":1,"minecraft:leave_game":11,"minecraft:time_since_death":4049,"minecraft:sprint_one_cm":490322,"minecraft:drop":116,"minecraft:play_noteblock":4,"minecraft:talked_to_villager":4,"minecraft:play_time":276988,"minecraft:deaths":12,"minecraft:jump":3410,"minecraft:walk_on_water_one_cm":42240,"minecraft:interact_with_furnace":61,"minecraft:interact_with_loom":1,"minecraft:sleep_in_bed":17,"minecraft:damage_dealt":23754,"minecraft:crouch_one_cm":42957,"tombstone:undead_killed":16,"minecraft:inspect_dispenser":1,"minecraft:horse_one_cm":729592,"minecraft:mob_kills":126,"minecraft:damage_dealt_resisted":38,"minecraft:climb_one_cm":7127,"minecraft:walk_one_cm":693826,"minecraft:sneak_time":15036,"minecraft:walk_under_water_one_cm":18398,"minecraft:boat_one_cm":43965,"minecraft:total_world_time":276988,"tombstone:raider_killed":8,"minecraft:tune_noteblock":5,"minecraft:time_since_rest":3793,"minecraft:damage_taken":6814,"minecraft:trigger_trapped_chest":3,"minecraft:swim_one_cm":39047,"minecraft:fly_one_cm":683696,"minecraft:open_chest":19,"minecraft:fall_one_cm":30941},"minecraft:killed":{"naturalist:rattlesnake":1,"earthmobsmod:jumbo_rabbit":2,"born_in_chaos_v1:pumpkin_spirit":1,"minecraft:spider":4,"undead_revamp2:clogger":1,"illagerinvasion:basher":1,"undead_revamp2:theswarmer":1,"creeperoverhaul:bamboo_creeper":1,"naturalist:snail":1,"minecraft:skeleton":5,"alexsmobs:leafcutter_ant":7,"ecologics:coconut_crab":3,"born_in_chaos_v1:firelight_not_despawn":3,"minecraft:pig":19,"born_in_chaos_v1:diamond_termite":5,"minecraft:creeper":1,"luminousworld:crab":1,"minecraft:sheep":17,"minecraft:pillager":5,"enemyexpansion:botfly":5,"minecraft:cow":6,"enemyexpansion:intruder":1,"minecraft:vindicator":1,"illagerinvasion:marauder":1,"alexsmobs:seagull":1,"enemyexpansion:direwolf":1,"born_in_chaos_v1:maggot":5,"minecraft:horse":2,"alexsmobs:blue_jay":1,"earthmobsmod:fancy_chicken":4,"born_in_chaos_v1:corpse_fish":1,"alexsmobs:flying_fish":1,"minecraft:husk":1,"naturalist:lizard_tail":1,"undead_revamp2:the_moonflower":1,"enemyexpansion:sprinter":1,"iceandfire:ghost":6,"naturalist:lizard":1},"minecraft:dropped":{"sophisticatedbackpacks:iron_backpack":1,"minecraft:iron_sword":2,"minecraft:cooked_beef":4,"minecraft:loom":1,"minecraft:lantern":1,"minecraft:jungle_planks":1,"minecraft:flint":1,"minecraft:dirt":11,"minecraft:stone_button":15,"minecraft:wooden_sword":1,"minecraft:bone_meal":1,"minecraft:sand":9,"luminousworld:decorative_brown_2":2,"luminousworld:clovers_1":1,"minecraft:gravel":38,"minecraft:stone_axe":1,"minecraft:cobbled_deepslate":696,"undead_revamp2:arapholia":1,"minecraft:rotten_flesh":5,"minecraft:cooked_mutton":7,"minecraft:rabbit_foot":2,"minecraft:leather_chestplate":2,"artifacts:umbrella":1,"minecraft:stone_brick_wall":6,"minecraft:leather_boots":2,"minecraft:iron_bars":1,"iceandfire:manuscript":1,"minecraft:lectern":1,"minecraft:oak_slab":1,"minecraft:wheat_seeds":47,"minecraft:cobblestone":8,"luminousworld:decorative_brown_mushroom_1":2,"minecraft:stick":1,"tombstone:magic_scroll":1,"minecraft:wooden_axe":1,"minecraft:rabbit":1,"minecraft:wither_rose":1,"minecraft:spruce_sapling":3,"minecraft:dandelion":1,"minecraft:stone_brick_slab":2,"minecraft:furnace":1,"minecraft:stone_sword":2,"minecraft:coarse_dirt":1,"sophisticatedbackpacks:backpack":1,"minecraft:spruce_fence":1,"iceandfire:copper_axe":1,"minecraft:filled_map":1,"minecraft:spruce_planks":2,"luminousworld:groundpebbles_1":5,"minecraft:stone_bricks":8,"minecraft:spider_eye":1,"minecraft:stone_pickaxe":1,"minecraft:wooden_pickaxe":1,"minecraft:cyan_bed":1},"minecraft:killed_by":{"undead_revamp2:clogger":2,"minecraft:vindicator":1,"iceandfire:fire_dragon":3,"minecraft:husk":2,"minecraft:skeleton":1,"illagerinvasion:marauder":1,"iceandfire:ghost":1},"minecraft:crafted":{"minecraft:oak_planks":68,"iceandfire:silver_shovel":1,"minecraft:cooked_mutton":10,"iceandfire:copper_axe":1,"minecraft:iron_boots":1,"sophisticatedbackpacks:copper_backpack":2,"iceandfire:armor_silver_metal_leggings":1,"iceandfire:silver_axe":1,"sophisticatedbackpacks:backpack":2,"minecraft:cooked_porkchop":33,"minecraft:crafting_table":8,"minecraft:spruce_planks":60,"minecraft:wooden_pickaxe":1,"minecraft:iron_helmet":1,"minecraft:spruce_door":3,"minecraft:copper_ingot":21,"minecraft:iron_chestplate":1,"minecraft:stick":48,"minecraft:iron_ingot":36,"minecraft:iron_pickaxe":1,"minecraft:stone_sword":2,"iceandfire:silver_sword":2,"minecraft:wooden_sword":1,"minecraft:coal":27,"minecraft:furnace":5,"minecraft:stone_pickaxe":1,"quark:spruce_chest":3,"sophisticatedbackpacks:iron_backpack":2,"minecraft:cooked_beef":9,"iceandfire:silver_ingot":18,"minecraft:stone_axe":2,"minecraft:air":0,"minecraft:jungle_planks":16,"minecraft:oak_boat":2,"iceandfire:bestiary":1,"minecraft:wooden_axe":1,"minecraft:white_bed":2,"minecraft:torch":112,"iceandfire:silver_pickaxe":2}},"DataVersion":3465}