{"stats":{"minecraft:killed":{"minecraft:vindicator":1,"minecraft:skeleton":1,"iceandfire:ghost":3,"born_in_chaos_v1:firelight_not_despawn":1},"minecraft:picked_up":{"luminousworld:groundpebbles_1":5,"minecraft:crafting_table":1,"luminousworld:decorative_brown_2":1,"minecraft:brown_mushroom":4,"minecraft:wither_rose":1,"minecraft:brewing_stand":2,"minecraft:string":1,"minecraft:dirt":3,"minecraft:lantern":1,"minecraft:bone":1,"minecraft:wheat_seeds":1,"minecraft:lectern":1,"minecraft:sugar_cane":3,"minecraft:book":63,"minecraft:oak_slab":2,"minecraft:spruce_sapling":2,"minecraft:cyan_bed":2,"minecraft:spruce_log":7,"luminousworld:decorative_brown_mushroom_1":1,"minecraft:arrow":2,"born_in_chaos_v1:fire_dust":1,"tombstone:magic_scroll":1,"minecraft:iron_bars":1,"minecraft:cobblestone":13},"minecraft:used":{"minecraft:stone_sword":31,"minecraft:stone_pickaxe":7,"minecraft:wooden_pickaxe":19,"luminousworld:decorative_brown_2":1,"minecraft:dirt":1,"minecraft:crafting_table":1,"minecraft:wooden_axe":26,"minecraft:cyan_bed":1,"minecraft:wooden_sword":19,"tombstone:gift":1},"minecraft:crafted":{"minecraft:wooden_sword":1,"minecraft:crafting_table":1,"minecraft:spruce_planks":20,"minecraft:wooden_pickaxe":1,"minecraft:stick":8,"minecraft:stone_pickaxe":1,"minecraft:wooden_axe":1,"minecraft:stone_sword":1},"minecraft:custom":{"minecraft:mob_kills":6,"tombstone:raider_killed":1,"minecraft:interact_with_crafting_table":3,"minecraft:open_barrel":1,"minecraft:leave_game":2,"minecraft:time_since_death":13755,"minecraft:sleep_in_bed":1,"minecraft:climb_one_cm":595,"minecraft:time_since_rest":6179,"minecraft:sprint_one_cm":25373,"minecraft:damage_taken":410,"minecraft:walk_one_cm":76688,"minecraft:trigger_trapped_chest":2,"minecraft:damage_dealt":1616,"minecraft:swim_one_cm":575,"minecraft:fly_one_cm":11917,"minecraft:crouch_one_cm":1884,"minecraft:play_time":16222,"tombstone:undead_killed":4,"minecraft:deaths":1,"minecraft:sneak_time":621,"minecraft:walk_under_water_one_cm":1135,"minecraft:jump":134,"minecraft:walk_on_water_one_cm":2476,"minecraft:total_world_time":16222,"minecraft:fall_one_cm":3747},"minecraft:killed_by":{"minecraft:vindicator":1},"minecraft:mined":{"minecraft:oak_slab":1,"luminousworld:groundpebbles_1":1,"minecraft:brown_mushroom":4,"minecraft:mossy_cobblestone":1,"minecraft:brewing_stand":2,"minecraft:crafting_table":1,"luminousworld:mossbuds_2":4,"minecraft:grass_block":2,"minecraft:lectern":1,"luminousworld:decorative_brown_mushroom_1":1,"minecraft:cobblestone":1,"luminousworld:blackberrybush":1,"minecraft:spruce_leaves":15,"minecraft:cyan_bed":2,"minecraft:sugar_cane":1,"luminousworld:groundpebbles_3":3,"minecraft:large_fern":5,"minecraft:fire":1,"minecraft:spruce_log":7,"luminousworld:mossbuds_3":4,"minecraft:wither_rose":1,"minecraft:bookshelf":22,"minecraft:vine":1,"minecraft:iron_bars":1,"minecraft:dirt":1,"minecraft:cobweb":1,"luminousworld:groundpebbles_2":1,"minecraft:stone":12,"luminousworld:decorative_brown_2":1}},"DataVersion":3465}