{"stats":{"minecraft:used":{"minecraft:iron_chestplate":1,"minecraft:light_blue_banner":1,"minecraft:yellow_banner":1,"minecraft:bread":2,"minecraft:iron_helmet":1,"minecraft:iron_boots":1,"minecraft:iron_leggings":1},"minecraft:custom":{"minecraft:open_barrel":1,"minecraft:time_since_rest":10768,"minecraft:open_chest":13,"minecraft:sprint_one_cm":19702,"minecraft:crouch_one_cm":177,"minecraft:interact_with_furnace":5,"minecraft:play_time":10768,"minecraft:damage_taken":86,"minecraft:walk_one_cm":30134,"minecraft:sneak_time":41,"minecraft:jump":83,"minecraft:time_since_death":10768,"minecraft:total_world_time":10768,"minecraft:fly_one_cm":10575,"minecraft:talked_to_villager":1,"minecraft:fall_one_cm":2042},"minecraft:picked_up":{"luminousworld:yellowpetunias":3},"minecraft:crafted":{"minecraft:air":0,"minecraft:iron_ingot":37},"minecraft:mined":{"luminousworld:yellowpetunias":3}},"DataVersion":3465}