{"stats":{"minecraft:mined":{"luminousworld:mossbuds_2":1,"luminousworld:groundpebbles_3":1,"luminousworld:blueberrybush":3},"minecraft:picked_up":{"luminousworld:groundpebbles_1":1},"minecraft:custom":{"minecraft:jump":39,"minecraft:time_since_rest":5238,"minecraft:crouch_one_cm":531,"minecraft:leave_game":1,"minecraft:sprint_one_cm":12815,"minecraft:play_time":5238,"minecraft:time_since_death":5238,"minecraft:walk_one_cm":9863,"minecraft:sneak_time":64,"minecraft:total_world_time":5238,"minecraft:fall_one_cm":420,"minecraft:fly_one_cm":3041},"minecraft:used":{"alexsmobs:animal_dictionary":3,"luminousworld:groundpebbles_1":1}},"DataVersion":3465}